image_path,is_lot
../DroneCapture/Takes/03-Feb-2020-(10:19:17)/4.jpg,1.0
../DroneCapture/Takes/03-Feb-2020-(10:19:17)/5.jpg,1.0
../DroneCapture/Takes/03-Feb-2020-(10:19:17)/7.jpg,1.0
../DroneCapture/Takes/03-Feb-2020-(10:19:17)/6.jpg,1.0
../DroneCapture/Takes/03-Feb-2020-(10:19:17)/2.jpg,1.0
../DroneCapture/Takes/03-Feb-2020-(10:19:17)/3.jpg,1.0
../DroneCapture/Takes/03-Feb-2020-(10:19:17)/1.jpg,1.0
../DroneCapture/Takes/03-Feb-2020-(10:19:17)/0.jpg,1.0
../DroneCapture/Takes/05-Feb-2020-(14:54:11)/8.jpg,1.0
../DroneCapture/Takes/05-Feb-2020-(14:54:11)/9.jpg,1.0
../DroneCapture/Takes/05-Feb-2020-(14:54:11)/14.jpg,1.0
../DroneCapture/Takes/05-Feb-2020-(14:54:11)/15.jpg,1.0
../DroneCapture/Takes/05-Feb-2020-(14:54:11)/17.jpg,1.0
../DroneCapture/Takes/05-Feb-2020-(14:54:11)/16.jpg,1.0
../DroneCapture/Takes/05-Feb-2020-(14:54:11)/12.jpg,1.0
../DroneCapture/Takes/05-Feb-2020-(14:54:11)/13.jpg,1.0
../DroneCapture/Takes/05-Feb-2020-(14:54:11)/11.jpg,1.0
../DroneCapture/Takes/05-Feb-2020-(14:54:11)/10.jpg,0.0
../DroneCapture/Takes/05-Feb-2020-(14:54:11)/21.jpg,0.0
../DroneCapture/Takes/05-Feb-2020-(14:54:11)/20.jpg,1.0
../DroneCapture/Takes/05-Feb-2020-(14:54:11)/22.jpg,1.0
../DroneCapture/Takes/05-Feb-2020-(14:54:11)/23.jpg,1.0
../DroneCapture/Takes/05-Feb-2020-(14:54:11)/18.jpg,1.0
../DroneCapture/Takes/05-Feb-2020-(14:54:11)/24.jpg,1.0
../DroneCapture/Takes/05-Feb-2020-(14:54:11)/19.jpg,1.0
../DroneCapture/Takes/05-Feb-2020-(14:54:11)/4.jpg,1.0
../DroneCapture/Takes/05-Feb-2020-(14:54:11)/5.jpg,1.0
../DroneCapture/Takes/05-Feb-2020-(14:54:11)/7.jpg,1.0
../DroneCapture/Takes/05-Feb-2020-(14:54:11)/6.jpg,1.0
../DroneCapture/Takes/05-Feb-2020-(14:54:11)/2.jpg,1.0
../DroneCapture/Takes/05-Feb-2020-(14:54:11)/3.jpg,1.0
../DroneCapture/Takes/05-Feb-2020-(14:54:11)/1.jpg,1.0
../DroneCapture/Takes/05-Feb-2020-(14:54:11)/0.jpg,1.0
../DroneCapture/Takes/08-Feb-2020-(15:42:35)/2.jpg,1.0
../DroneCapture/Takes/08-Feb-2020-(15:42:35)/1.jpg,1.0
../DroneCapture/Takes/08-Feb-2020-(15:42:35)/0.jpg,1.0
../DroneCapture/Takes/03-Feb-2020-(11:45:35)/2.jpg,1.0
../DroneCapture/Takes/03-Feb-2020-(11:45:35)/1.jpg,1.0
../DroneCapture/Takes/03-Feb-2020-(11:45:35)/0.jpg,1.0
../DroneCapture/Takes/08-Feb-2020-(15:50:42)/1.jpg,1.0
../DroneCapture/Takes/08-Feb-2020-(15:50:42)/0.jpg,1.0
../DroneCapture/Takes/08-Feb-2020-(15:45:24)/1.jpg,1.0
../DroneCapture/Takes/08-Feb-2020-(15:45:24)/0.jpg,1.0
../DroneCapture/Takes/03-Feb-2020-(11:49:26)/8.jpg,0.0
../DroneCapture/Takes/03-Feb-2020-(11:49:26)/9.jpg,1.0
../DroneCapture/Takes/03-Feb-2020-(11:49:26)/17.jpg,1.0
../DroneCapture/Takes/03-Feb-2020-(11:49:26)/16.jpg,1.0
../DroneCapture/Takes/03-Feb-2020-(11:49:26)/12.jpg,1.0
../DroneCapture/Takes/03-Feb-2020-(11:49:26)/13.jpg,1.0
../DroneCapture/Takes/03-Feb-2020-(11:49:26)/11.jpg,1.0
../DroneCapture/Takes/03-Feb-2020-(11:49:26)/10.jpg,1.0
../DroneCapture/Takes/03-Feb-2020-(11:49:26)/21.jpg,0.0
../DroneCapture/Takes/03-Feb-2020-(11:49:26)/20.jpg,0.0
../DroneCapture/Takes/03-Feb-2020-(11:49:26)/18.jpg,1.0
../DroneCapture/Takes/03-Feb-2020-(11:49:26)/19.jpg,0.0
../DroneCapture/Takes/03-Feb-2020-(11:49:26)/4.jpg,1.0
../DroneCapture/Takes/03-Feb-2020-(11:49:26)/5.jpg,0.0
../DroneCapture/Takes/03-Feb-2020-(11:49:26)/7.jpg,0.0
../DroneCapture/Takes/03-Feb-2020-(11:49:26)/6.jpg,0.0
../DroneCapture/Takes/03-Feb-2020-(11:49:26)/2.jpg,1.0
../DroneCapture/Takes/03-Feb-2020-(11:49:26)/3.jpg,1.0
../DroneCapture/Takes/03-Feb-2020-(11:49:26)/1.jpg,1.0
../DroneCapture/Takes/03-Feb-2020-(11:49:26)/0.jpg,1.0
../DroneCapture/Takes/08-Feb-2020-(15:30:29)/8.jpg,1.0
../DroneCapture/Takes/08-Feb-2020-(15:30:29)/9.jpg,1.0
../DroneCapture/Takes/08-Feb-2020-(15:30:29)/14.jpg,1.0
../DroneCapture/Takes/08-Feb-2020-(15:30:29)/28.jpg,1.0
../DroneCapture/Takes/08-Feb-2020-(15:30:29)/29.jpg,1.0
../DroneCapture/Takes/08-Feb-2020-(15:30:29)/15.jpg,1.0
../DroneCapture/Takes/08-Feb-2020-(15:30:29)/17.jpg,1.0
../DroneCapture/Takes/08-Feb-2020-(15:30:29)/16.jpg,1.0
../DroneCapture/Takes/08-Feb-2020-(15:30:29)/12.jpg,1.0
../DroneCapture/Takes/08-Feb-2020-(15:30:29)/13.jpg,1.0
../DroneCapture/Takes/08-Feb-2020-(15:30:29)/39.jpg,1.0
../DroneCapture/Takes/08-Feb-2020-(15:30:29)/11.jpg,1.0
../DroneCapture/Takes/08-Feb-2020-(15:30:29)/10.jpg,1.0
../DroneCapture/Takes/08-Feb-2020-(15:30:29)/38.jpg,1.0
../DroneCapture/Takes/08-Feb-2020-(15:30:29)/21.jpg,1.0
../DroneCapture/Takes/08-Feb-2020-(15:30:29)/35.jpg,1.0
../DroneCapture/Takes/08-Feb-2020-(15:30:29)/34.jpg,1.0
../DroneCapture/Takes/08-Feb-2020-(15:30:29)/20.jpg,1.0
../DroneCapture/Takes/08-Feb-2020-(15:30:29)/36.jpg,1.0
../DroneCapture/Takes/08-Feb-2020-(15:30:29)/22.jpg,1.0
../DroneCapture/Takes/08-Feb-2020-(15:30:29)/23.jpg,1.0
../DroneCapture/Takes/08-Feb-2020-(15:30:29)/37.jpg,1.0
../DroneCapture/Takes/08-Feb-2020-(15:30:29)/33.jpg,1.0
../DroneCapture/Takes/08-Feb-2020-(15:30:29)/27.jpg,1.0
../DroneCapture/Takes/08-Feb-2020-(15:30:29)/26.jpg,1.0
../DroneCapture/Takes/08-Feb-2020-(15:30:29)/32.jpg,1.0
../DroneCapture/Takes/08-Feb-2020-(15:30:29)/18.jpg,1.0
../DroneCapture/Takes/08-Feb-2020-(15:30:29)/24.jpg,1.0
../DroneCapture/Takes/08-Feb-2020-(15:30:29)/30.jpg,1.0
../DroneCapture/Takes/08-Feb-2020-(15:30:29)/31.jpg,1.0
../DroneCapture/Takes/08-Feb-2020-(15:30:29)/25.jpg,1.0
../DroneCapture/Takes/08-Feb-2020-(15:30:29)/19.jpg,1.0
../DroneCapture/Takes/08-Feb-2020-(15:30:29)/4.jpg,1.0
../DroneCapture/Takes/08-Feb-2020-(15:30:29)/5.jpg,1.0
../DroneCapture/Takes/08-Feb-2020-(15:30:29)/7.jpg,1.0
../DroneCapture/Takes/08-Feb-2020-(15:30:29)/6.jpg,1.0
../DroneCapture/Takes/08-Feb-2020-(15:30:29)/2.jpg,1.0
../DroneCapture/Takes/08-Feb-2020-(15:30:29)/3.jpg,1.0
../DroneCapture/Takes/08-Feb-2020-(15:30:29)/1.jpg,1.0
../DroneCapture/Takes/08-Feb-2020-(15:30:29)/0.jpg,1.0
../DroneCapture/Takes/08-Feb-2020-(15:35:17)/8.jpg,1.0
../DroneCapture/Takes/08-Feb-2020-(15:35:17)/9.jpg,1.0
../DroneCapture/Takes/08-Feb-2020-(15:35:17)/11.jpg,1.0
../DroneCapture/Takes/08-Feb-2020-(15:35:17)/10.jpg,1.0
../DroneCapture/Takes/08-Feb-2020-(15:35:17)/4.jpg,1.0
../DroneCapture/Takes/08-Feb-2020-(15:35:17)/5.jpg,1.0
../DroneCapture/Takes/08-Feb-2020-(15:35:17)/7.jpg,1.0
../DroneCapture/Takes/08-Feb-2020-(15:35:17)/6.jpg,1.0
../DroneCapture/Takes/08-Feb-2020-(15:35:17)/2.jpg,1.0
../DroneCapture/Takes/08-Feb-2020-(15:35:17)/3.jpg,1.0
../DroneCapture/Takes/08-Feb-2020-(15:35:17)/1.jpg,1.0
../DroneCapture/Takes/08-Feb-2020-(15:35:17)/0.jpg,1.0
../DroneCapture/Takes/05-Feb-2020-(15:02:22)/8.jpg,1.0
../DroneCapture/Takes/05-Feb-2020-(15:02:22)/9.jpg,1.0
../DroneCapture/Takes/05-Feb-2020-(15:02:22)/14.jpg,1.0
../DroneCapture/Takes/05-Feb-2020-(15:02:22)/15.jpg,1.0
../DroneCapture/Takes/05-Feb-2020-(15:02:22)/17.jpg,1.0
../DroneCapture/Takes/05-Feb-2020-(15:02:22)/16.jpg,1.0
../DroneCapture/Takes/05-Feb-2020-(15:02:22)/12.jpg,1.0
../DroneCapture/Takes/05-Feb-2020-(15:02:22)/13.jpg,1.0
../DroneCapture/Takes/05-Feb-2020-(15:02:22)/11.jpg,1.0
../DroneCapture/Takes/05-Feb-2020-(15:02:22)/10.jpg,0.0
../DroneCapture/Takes/05-Feb-2020-(15:02:22)/21.jpg,1.0
../DroneCapture/Takes/05-Feb-2020-(15:02:22)/20.jpg,1.0
../DroneCapture/Takes/05-Feb-2020-(15:02:22)/22.jpg,0.0
../DroneCapture/Takes/05-Feb-2020-(15:02:22)/18.jpg,1.0
../DroneCapture/Takes/05-Feb-2020-(15:02:22)/19.jpg,1.0
../DroneCapture/Takes/05-Feb-2020-(15:02:22)/4.jpg,1.0
../DroneCapture/Takes/05-Feb-2020-(15:02:22)/5.jpg,1.0
../DroneCapture/Takes/05-Feb-2020-(15:02:22)/7.jpg,1.0
../DroneCapture/Takes/05-Feb-2020-(15:02:22)/6.jpg,1.0
../DroneCapture/Takes/05-Feb-2020-(15:02:22)/2.jpg,1.0
../DroneCapture/Takes/05-Feb-2020-(15:02:22)/3.jpg,1.0
../DroneCapture/Takes/05-Feb-2020-(15:02:22)/1.jpg,1.0
../DroneCapture/Takes/05-Feb-2020-(15:02:22)/0.jpg,1.0
../DroneCapture/Takes/03-Feb-2020-(15:40:59)/8.jpg,1.0
../DroneCapture/Takes/03-Feb-2020-(15:40:59)/9.jpg,1.0
../DroneCapture/Takes/03-Feb-2020-(15:40:59)/14.jpg,0.0
../DroneCapture/Takes/03-Feb-2020-(15:40:59)/28.jpg,1.0
../DroneCapture/Takes/03-Feb-2020-(15:40:59)/29.jpg,1.0
../DroneCapture/Takes/03-Feb-2020-(15:40:59)/15.jpg,0.0
../DroneCapture/Takes/03-Feb-2020-(15:40:59)/16.jpg,0.0
../DroneCapture/Takes/03-Feb-2020-(15:40:59)/12.jpg,0.0
../DroneCapture/Takes/03-Feb-2020-(15:40:59)/13.jpg,0.0
../DroneCapture/Takes/03-Feb-2020-(15:40:59)/39.jpg,1.0
../DroneCapture/Takes/03-Feb-2020-(15:40:59)/11.jpg,0.0
../DroneCapture/Takes/03-Feb-2020-(15:40:59)/10.jpg,0.0
../DroneCapture/Takes/03-Feb-2020-(15:40:59)/38.jpg,1.0
../DroneCapture/Takes/03-Feb-2020-(15:40:59)/35.jpg,1.0
../DroneCapture/Takes/03-Feb-2020-(15:40:59)/34.jpg,1.0
../DroneCapture/Takes/03-Feb-2020-(15:40:59)/36.jpg,1.0
../DroneCapture/Takes/03-Feb-2020-(15:40:59)/37.jpg,1.0
../DroneCapture/Takes/03-Feb-2020-(15:40:59)/33.jpg,1.0
../DroneCapture/Takes/03-Feb-2020-(15:40:59)/27.jpg,1.0
../DroneCapture/Takes/03-Feb-2020-(15:40:59)/26.jpg,1.0
../DroneCapture/Takes/03-Feb-2020-(15:40:59)/32.jpg,1.0
../DroneCapture/Takes/03-Feb-2020-(15:40:59)/30.jpg,1.0
../DroneCapture/Takes/03-Feb-2020-(15:40:59)/31.jpg,1.0
../DroneCapture/Takes/03-Feb-2020-(15:40:59)/25.jpg,1.0
../DroneCapture/Takes/03-Feb-2020-(15:40:59)/42.jpg,1.0
../DroneCapture/Takes/03-Feb-2020-(15:40:59)/4.jpg,1.0
../DroneCapture/Takes/03-Feb-2020-(15:40:59)/5.jpg,1.0
../DroneCapture/Takes/03-Feb-2020-(15:40:59)/7.jpg,1.0
../DroneCapture/Takes/03-Feb-2020-(15:40:59)/41.jpg,1.0
../DroneCapture/Takes/03-Feb-2020-(15:40:59)/40.jpg,1.0
../DroneCapture/Takes/03-Feb-2020-(15:40:59)/6.jpg,1.0
../DroneCapture/Takes/03-Feb-2020-(15:40:59)/2.jpg,1.0
../DroneCapture/Takes/03-Feb-2020-(15:40:59)/3.jpg,1.0
../DroneCapture/Takes/03-Feb-2020-(15:40:59)/1.jpg,1.0
../DroneCapture/Takes/03-Feb-2020-(15:40:59)/0.jpg,1.0
../DroneCapture/Takes/03-Feb-2020-(11:28:34)/8.jpg,0.0
../DroneCapture/Takes/03-Feb-2020-(11:28:34)/9.jpg,1.0
../DroneCapture/Takes/03-Feb-2020-(11:28:34)/14.jpg,1.0
../DroneCapture/Takes/03-Feb-2020-(11:28:34)/15.jpg,1.0
../DroneCapture/Takes/03-Feb-2020-(11:28:34)/17.jpg,1.0
../DroneCapture/Takes/03-Feb-2020-(11:28:34)/16.jpg,1.0
../DroneCapture/Takes/03-Feb-2020-(11:28:34)/12.jpg,1.0
../DroneCapture/Takes/03-Feb-2020-(11:28:34)/13.jpg,1.0
../DroneCapture/Takes/03-Feb-2020-(11:28:34)/11.jpg,1.0
../DroneCapture/Takes/03-Feb-2020-(11:28:34)/10.jpg,1.0
../DroneCapture/Takes/03-Feb-2020-(11:28:34)/4.jpg,1.0
../DroneCapture/Takes/03-Feb-2020-(11:28:34)/5.jpg,1.0
../DroneCapture/Takes/03-Feb-2020-(11:28:34)/7.jpg,1.0
../DroneCapture/Takes/03-Feb-2020-(11:28:34)/6.jpg,1.0
../DroneCapture/Takes/03-Feb-2020-(11:28:34)/2.jpg,1.0
../DroneCapture/Takes/03-Feb-2020-(11:28:34)/3.jpg,1.0
../DroneCapture/Takes/03-Feb-2020-(11:28:34)/1.jpg,1.0
../DroneCapture/Takes/03-Feb-2020-(11:28:34)/0.jpg,1.0
../DroneCapture/Takes/05-Feb-2020-(15:17:30)/8.jpg,0.0
../DroneCapture/Takes/05-Feb-2020-(15:17:30)/9.jpg,0.0
../DroneCapture/Takes/05-Feb-2020-(15:17:30)/14.jpg,1.0
../DroneCapture/Takes/05-Feb-2020-(15:17:30)/15.jpg,1.0
../DroneCapture/Takes/05-Feb-2020-(15:17:30)/17.jpg,1.0
../DroneCapture/Takes/05-Feb-2020-(15:17:30)/16.jpg,1.0
../DroneCapture/Takes/05-Feb-2020-(15:17:30)/12.jpg,0.0
../DroneCapture/Takes/05-Feb-2020-(15:17:30)/13.jpg,0.0
../DroneCapture/Takes/05-Feb-2020-(15:17:30)/11.jpg,0.0
../DroneCapture/Takes/05-Feb-2020-(15:17:30)/10.jpg,0.0
../DroneCapture/Takes/05-Feb-2020-(15:17:30)/18.jpg,1.0
../DroneCapture/Takes/05-Feb-2020-(15:17:30)/4.jpg,1.0
../DroneCapture/Takes/05-Feb-2020-(15:17:30)/5.jpg,1.0
../DroneCapture/Takes/05-Feb-2020-(15:17:30)/7.jpg,0.0
../DroneCapture/Takes/05-Feb-2020-(15:17:30)/6.jpg,1.0
../DroneCapture/Takes/05-Feb-2020-(15:17:30)/2.jpg,1.0
../DroneCapture/Takes/05-Feb-2020-(15:17:30)/3.jpg,1.0
../DroneCapture/Takes/05-Feb-2020-(15:17:30)/1.jpg,1.0
../DroneCapture/Takes/05-Feb-2020-(15:17:30)/0.jpg,1.0
../DroneCapture/Takes/08-Feb-2020-(15:54:57)/4.jpg,1.0
../DroneCapture/Takes/08-Feb-2020-(15:54:57)/2.jpg,1.0
../DroneCapture/Takes/08-Feb-2020-(15:54:57)/3.jpg,1.0
../DroneCapture/Takes/08-Feb-2020-(15:54:57)/1.jpg,1.0
../DroneCapture/Takes/08-Feb-2020-(15:54:57)/0.jpg,1.0
../DroneCapture/Takes/06-Feb-2020-(17:20:31)/4.jpg,1.0
../DroneCapture/Takes/06-Feb-2020-(17:20:31)/5.jpg,1.0
../DroneCapture/Takes/06-Feb-2020-(17:20:31)/6.jpg,1.0
../DroneCapture/Takes/06-Feb-2020-(17:20:31)/2.jpg,1.0
../DroneCapture/Takes/06-Feb-2020-(17:20:31)/3.jpg,1.0
../DroneCapture/Takes/06-Feb-2020-(17:20:31)/1.jpg,1.0
../DroneCapture/Takes/06-Feb-2020-(17:20:31)/0.jpg,1.0
../DroneCapture/Takes/03-Feb-2020-(10:24:28)/8.jpg,0.0
../DroneCapture/Takes/03-Feb-2020-(10:24:28)/9.jpg,1.0
../DroneCapture/Takes/03-Feb-2020-(10:24:28)/14.jpg,1.0
../DroneCapture/Takes/03-Feb-2020-(10:24:28)/28.jpg,1.0
../DroneCapture/Takes/03-Feb-2020-(10:24:28)/29.jpg,1.0
../DroneCapture/Takes/03-Feb-2020-(10:24:28)/15.jpg,1.0
../DroneCapture/Takes/03-Feb-2020-(10:24:28)/17.jpg,1.0
../DroneCapture/Takes/03-Feb-2020-(10:24:28)/16.jpg,1.0
../DroneCapture/Takes/03-Feb-2020-(10:24:28)/12.jpg,1.0
../DroneCapture/Takes/03-Feb-2020-(10:24:28)/13.jpg,1.0
../DroneCapture/Takes/03-Feb-2020-(10:24:28)/39.jpg,1.0
../DroneCapture/Takes/03-Feb-2020-(10:24:28)/11.jpg,1.0
../DroneCapture/Takes/03-Feb-2020-(10:24:28)/10.jpg,1.0
../DroneCapture/Takes/03-Feb-2020-(10:24:28)/38.jpg,1.0
../DroneCapture/Takes/03-Feb-2020-(10:24:28)/21.jpg,0.0
../DroneCapture/Takes/03-Feb-2020-(10:24:28)/35.jpg,0.0
../DroneCapture/Takes/03-Feb-2020-(10:24:28)/34.jpg,0.0
../DroneCapture/Takes/03-Feb-2020-(10:24:28)/20.jpg,1.0
../DroneCapture/Takes/03-Feb-2020-(10:24:28)/36.jpg,1.0
../DroneCapture/Takes/03-Feb-2020-(10:24:28)/22.jpg,0.0
../DroneCapture/Takes/03-Feb-2020-(10:24:28)/23.jpg,0.0
../DroneCapture/Takes/03-Feb-2020-(10:24:28)/37.jpg,1.0
../DroneCapture/Takes/03-Feb-2020-(10:24:28)/33.jpg,0.0
../DroneCapture/Takes/03-Feb-2020-(10:24:28)/27.jpg,1.0
../DroneCapture/Takes/03-Feb-2020-(10:24:28)/32.jpg,1.0
../DroneCapture/Takes/03-Feb-2020-(10:24:28)/18.jpg,0.0
../DroneCapture/Takes/03-Feb-2020-(10:24:28)/24.jpg,0.0
../DroneCapture/Takes/03-Feb-2020-(10:24:28)/30.jpg,1.0
../DroneCapture/Takes/03-Feb-2020-(10:24:28)/31.jpg,1.0
../DroneCapture/Takes/03-Feb-2020-(10:24:28)/19.jpg,1.0
../DroneCapture/Takes/03-Feb-2020-(10:24:28)/4.jpg,1.0
../DroneCapture/Takes/03-Feb-2020-(10:24:28)/5.jpg,0.0
../DroneCapture/Takes/03-Feb-2020-(10:24:28)/7.jpg,0.0
../DroneCapture/Takes/03-Feb-2020-(10:24:28)/41.jpg,1.0
../DroneCapture/Takes/03-Feb-2020-(10:24:28)/40.jpg,1.0
../DroneCapture/Takes/03-Feb-2020-(10:24:28)/6.jpg,0.0
../DroneCapture/Takes/03-Feb-2020-(10:24:28)/2.jpg,1.0
../DroneCapture/Takes/03-Feb-2020-(10:24:28)/3.jpg,1.0
../DroneCapture/Takes/03-Feb-2020-(10:24:28)/1.jpg,1.0
../DroneCapture/Takes/03-Feb-2020-(10:24:28)/0.jpg,1.0
../DroneCapture/Takes/05-Feb-2020-(15:23:06)/4.jpg,1.0
../DroneCapture/Takes/05-Feb-2020-(15:23:06)/5.jpg,0.0
../DroneCapture/Takes/05-Feb-2020-(15:23:06)/2.jpg,1.0
../DroneCapture/Takes/05-Feb-2020-(15:23:06)/3.jpg,1.0
../DroneCapture/Takes/05-Feb-2020-(15:23:06)/1.jpg,1.0
../DroneCapture/Takes/05-Feb-2020-(15:23:06)/0.jpg,0.0
../DroneCapture/Takes/03-Feb-2020-(15:51:19)/1.jpg,1.0
../DroneCapture/Takes/03-Feb-2020-(15:51:19)/0.jpg,1.0
../DroneCapture/Takes/03-Feb-2020-(11:40:47)/8.jpg,1.0
../DroneCapture/Takes/03-Feb-2020-(11:40:47)/9.jpg,1.0
../DroneCapture/Takes/03-Feb-2020-(11:40:47)/14.jpg,1.0
../DroneCapture/Takes/03-Feb-2020-(11:40:47)/15.jpg,1.0
../DroneCapture/Takes/03-Feb-2020-(11:40:47)/17.jpg,1.0
../DroneCapture/Takes/03-Feb-2020-(11:40:47)/16.jpg,1.0
../DroneCapture/Takes/03-Feb-2020-(11:40:47)/12.jpg,1.0
../DroneCapture/Takes/03-Feb-2020-(11:40:47)/13.jpg,1.0
../DroneCapture/Takes/03-Feb-2020-(11:40:47)/11.jpg,1.0
../DroneCapture/Takes/03-Feb-2020-(11:40:47)/10.jpg,1.0
../DroneCapture/Takes/03-Feb-2020-(11:40:47)/21.jpg,0.0
../DroneCapture/Takes/03-Feb-2020-(11:40:47)/20.jpg,1.0
../DroneCapture/Takes/03-Feb-2020-(11:40:47)/18.jpg,1.0
../DroneCapture/Takes/03-Feb-2020-(11:40:47)/19.jpg,0.0
../DroneCapture/Takes/03-Feb-2020-(11:40:47)/4.jpg,1.0
../DroneCapture/Takes/03-Feb-2020-(11:40:47)/5.jpg,1.0
../DroneCapture/Takes/03-Feb-2020-(11:40:47)/7.jpg,1.0
../DroneCapture/Takes/03-Feb-2020-(11:40:47)/6.jpg,1.0
../DroneCapture/Takes/03-Feb-2020-(11:40:47)/2.jpg,1.0
../DroneCapture/Takes/03-Feb-2020-(11:40:47)/3.jpg,1.0
../DroneCapture/Takes/03-Feb-2020-(11:40:47)/1.jpg,1.0
../DroneCapture/Takes/03-Feb-2020-(11:40:47)/0.jpg,1.0
../DroneCapture/Takes/03-Feb-2020-(11:11:59)/65.jpg,1.0
../DroneCapture/Takes/03-Feb-2020-(11:11:59)/64.jpg,1.0
../DroneCapture/Takes/03-Feb-2020-(11:11:59)/70.jpg,1.0
../DroneCapture/Takes/03-Feb-2020-(11:11:59)/8.jpg,0.0
../DroneCapture/Takes/03-Feb-2020-(11:11:59)/66.jpg,1.0
../DroneCapture/Takes/03-Feb-2020-(11:11:59)/67.jpg,1.0
../DroneCapture/Takes/03-Feb-2020-(11:11:59)/9.jpg,0.0
../DroneCapture/Takes/03-Feb-2020-(11:11:59)/14.jpg,1.0
../DroneCapture/Takes/03-Feb-2020-(11:11:59)/28.jpg,1.0
../DroneCapture/Takes/03-Feb-2020-(11:11:59)/29.jpg,1.0
../DroneCapture/Takes/03-Feb-2020-(11:11:59)/15.jpg,1.0
../DroneCapture/Takes/03-Feb-2020-(11:11:59)/17.jpg,1.0
../DroneCapture/Takes/03-Feb-2020-(11:11:59)/16.jpg,1.0
../DroneCapture/Takes/03-Feb-2020-(11:11:59)/12.jpg,1.0
../DroneCapture/Takes/03-Feb-2020-(11:11:59)/13.jpg,1.0
../DroneCapture/Takes/03-Feb-2020-(11:11:59)/11.jpg,1.0
../DroneCapture/Takes/03-Feb-2020-(11:11:59)/10.jpg,1.0
../DroneCapture/Takes/03-Feb-2020-(11:11:59)/21.jpg,1.0
../DroneCapture/Takes/03-Feb-2020-(11:11:59)/35.jpg,0.0
../DroneCapture/Takes/03-Feb-2020-(11:11:59)/34.jpg,0.0
../DroneCapture/Takes/03-Feb-2020-(11:11:59)/20.jpg,1.0
../DroneCapture/Takes/03-Feb-2020-(11:11:59)/36.jpg,0.0
../DroneCapture/Takes/03-Feb-2020-(11:11:59)/22.jpg,1.0
../DroneCapture/Takes/03-Feb-2020-(11:11:59)/23.jpg,1.0
../DroneCapture/Takes/03-Feb-2020-(11:11:59)/33.jpg,0.0
../DroneCapture/Takes/03-Feb-2020-(11:11:59)/27.jpg,1.0
../DroneCapture/Takes/03-Feb-2020-(11:11:59)/26.jpg,1.0
../DroneCapture/Takes/03-Feb-2020-(11:11:59)/32.jpg,1.0
../DroneCapture/Takes/03-Feb-2020-(11:11:59)/18.jpg,1.0
../DroneCapture/Takes/03-Feb-2020-(11:11:59)/24.jpg,1.0
../DroneCapture/Takes/03-Feb-2020-(11:11:59)/30.jpg,1.0
../DroneCapture/Takes/03-Feb-2020-(11:11:59)/31.jpg,1.0
../DroneCapture/Takes/03-Feb-2020-(11:11:59)/25.jpg,1.0
../DroneCapture/Takes/03-Feb-2020-(11:11:59)/19.jpg,1.0
../DroneCapture/Takes/03-Feb-2020-(11:11:59)/4.jpg,1.0
../DroneCapture/Takes/03-Feb-2020-(11:11:59)/5.jpg,1.0
../DroneCapture/Takes/03-Feb-2020-(11:11:59)/7.jpg,0.0
../DroneCapture/Takes/03-Feb-2020-(11:11:59)/69.jpg,1.0
../DroneCapture/Takes/03-Feb-2020-(11:11:59)/68.jpg,1.0
../DroneCapture/Takes/03-Feb-2020-(11:11:59)/6.jpg,0.0
../DroneCapture/Takes/03-Feb-2020-(11:11:59)/2.jpg,1.0
../DroneCapture/Takes/03-Feb-2020-(11:11:59)/3.jpg,1.0
../DroneCapture/Takes/03-Feb-2020-(11:11:59)/1.jpg,1.0
../DroneCapture/Takes/03-Feb-2020-(11:11:59)/0.jpg,1.0
../DroneCapture/Takes/05-Feb-2020-(15:11:29)/1.jpg,0.0
../DroneCapture/Takes/05-Feb-2020-(15:11:29)/0.jpg,1.0
../DroneCapture/Takes/03-Feb-2020-(15:55:00)/8.jpg,0.0
../DroneCapture/Takes/03-Feb-2020-(15:55:00)/9.jpg,1.0
../DroneCapture/Takes/03-Feb-2020-(15:55:00)/14.jpg,1.0
../DroneCapture/Takes/03-Feb-2020-(15:55:00)/28.jpg,1.0
../DroneCapture/Takes/03-Feb-2020-(15:55:00)/29.jpg,1.0
../DroneCapture/Takes/03-Feb-2020-(15:55:00)/15.jpg,1.0
../DroneCapture/Takes/03-Feb-2020-(15:55:00)/17.jpg,1.0
../DroneCapture/Takes/03-Feb-2020-(15:55:00)/16.jpg,1.0
../DroneCapture/Takes/03-Feb-2020-(15:55:00)/12.jpg,1.0
../DroneCapture/Takes/03-Feb-2020-(15:55:00)/13.jpg,1.0
../DroneCapture/Takes/03-Feb-2020-(15:55:00)/39.jpg,1.0
../DroneCapture/Takes/03-Feb-2020-(15:55:00)/11.jpg,1.0
../DroneCapture/Takes/03-Feb-2020-(15:55:00)/10.jpg,0.0
../DroneCapture/Takes/03-Feb-2020-(15:55:00)/38.jpg,1.0
../DroneCapture/Takes/03-Feb-2020-(15:55:00)/21.jpg,0.0
../DroneCapture/Takes/03-Feb-2020-(15:55:00)/35.jpg,0.0
../DroneCapture/Takes/03-Feb-2020-(15:55:00)/34.jpg,0.0
../DroneCapture/Takes/03-Feb-2020-(15:55:00)/20.jpg,0.0
../DroneCapture/Takes/03-Feb-2020-(15:55:00)/36.jpg,0.0
../DroneCapture/Takes/03-Feb-2020-(15:55:00)/22.jpg,0.0
../DroneCapture/Takes/03-Feb-2020-(15:55:00)/23.jpg,0.0
../DroneCapture/Takes/03-Feb-2020-(15:55:00)/37.jpg,0.0
../DroneCapture/Takes/03-Feb-2020-(15:55:00)/33.jpg,1.0
../DroneCapture/Takes/03-Feb-2020-(15:55:00)/27.jpg,1.0
../DroneCapture/Takes/03-Feb-2020-(15:55:00)/26.jpg,1.0
../DroneCapture/Takes/03-Feb-2020-(15:55:00)/32.jpg,1.0
../DroneCapture/Takes/03-Feb-2020-(15:55:00)/18.jpg,1.0
../DroneCapture/Takes/03-Feb-2020-(15:55:00)/24.jpg,0.0
../DroneCapture/Takes/03-Feb-2020-(15:55:00)/30.jpg,1.0
../DroneCapture/Takes/03-Feb-2020-(15:55:00)/31.jpg,1.0
../DroneCapture/Takes/03-Feb-2020-(15:55:00)/25.jpg,1.0
../DroneCapture/Takes/03-Feb-2020-(15:55:00)/19.jpg,1.0
../DroneCapture/Takes/03-Feb-2020-(15:55:00)/4.jpg,1.0
../DroneCapture/Takes/03-Feb-2020-(15:55:00)/5.jpg,0.0
../DroneCapture/Takes/03-Feb-2020-(15:55:00)/7.jpg,0.0
../DroneCapture/Takes/03-Feb-2020-(15:55:00)/40.jpg,1.0
../DroneCapture/Takes/03-Feb-2020-(15:55:00)/6.jpg,0.0
../DroneCapture/Takes/03-Feb-2020-(15:55:00)/2.jpg,1.0
../DroneCapture/Takes/03-Feb-2020-(15:55:00)/3.jpg,1.0
../DroneCapture/Takes/03-Feb-2020-(15:55:00)/1.jpg,1.0
../DroneCapture/Takes/03-Feb-2020-(15:55:00)/0.jpg,1.0
../DroneCapture/Takes/06-Feb-2020-(17:18:15)/1.jpg,1.0
../DroneCapture/Takes/06-Feb-2020-(17:18:15)/0.jpg,1.0
../DroneCapture/Takes/08-Feb-2020-(15:27:00)/8.jpg,1.0
../DroneCapture/Takes/08-Feb-2020-(15:27:00)/9.jpg,1.0
../DroneCapture/Takes/08-Feb-2020-(15:27:00)/14.jpg,1.0
../DroneCapture/Takes/08-Feb-2020-(15:27:00)/28.jpg,1.0
../DroneCapture/Takes/08-Feb-2020-(15:27:00)/29.jpg,1.0
../DroneCapture/Takes/08-Feb-2020-(15:27:00)/15.jpg,1.0
../DroneCapture/Takes/08-Feb-2020-(15:27:00)/17.jpg,1.0
../DroneCapture/Takes/08-Feb-2020-(15:27:00)/16.jpg,1.0
../DroneCapture/Takes/08-Feb-2020-(15:27:00)/12.jpg,1.0
../DroneCapture/Takes/08-Feb-2020-(15:27:00)/13.jpg,1.0
../DroneCapture/Takes/08-Feb-2020-(15:27:00)/11.jpg,1.0
../DroneCapture/Takes/08-Feb-2020-(15:27:00)/10.jpg,1.0
../DroneCapture/Takes/08-Feb-2020-(15:27:00)/21.jpg,0.0
../DroneCapture/Takes/08-Feb-2020-(15:27:00)/20.jpg,1.0
../DroneCapture/Takes/08-Feb-2020-(15:27:00)/22.jpg,1.0
../DroneCapture/Takes/08-Feb-2020-(15:27:00)/23.jpg,1.0
../DroneCapture/Takes/08-Feb-2020-(15:27:00)/27.jpg,1.0
../DroneCapture/Takes/08-Feb-2020-(15:27:00)/26.jpg,1.0
../DroneCapture/Takes/08-Feb-2020-(15:27:00)/18.jpg,1.0
../DroneCapture/Takes/08-Feb-2020-(15:27:00)/24.jpg,1.0
../DroneCapture/Takes/08-Feb-2020-(15:27:00)/25.jpg,1.0
../DroneCapture/Takes/08-Feb-2020-(15:27:00)/19.jpg,1.0
../DroneCapture/Takes/08-Feb-2020-(15:27:00)/4.jpg,1.0
../DroneCapture/Takes/08-Feb-2020-(15:27:00)/5.jpg,1.0
../DroneCapture/Takes/08-Feb-2020-(15:27:00)/7.jpg,0.0
../DroneCapture/Takes/08-Feb-2020-(15:27:00)/6.jpg,1.0
../DroneCapture/Takes/08-Feb-2020-(15:27:00)/2.jpg,1.0
../DroneCapture/Takes/08-Feb-2020-(15:27:00)/3.jpg,1.0
../DroneCapture/Takes/08-Feb-2020-(15:27:00)/1.jpg,1.0
../DroneCapture/Takes/08-Feb-2020-(15:27:00)/0.jpg,1.0
../DroneCapture/Takes/06-Feb-2020-(17:09:44)/8.jpg,1.0
../DroneCapture/Takes/06-Feb-2020-(17:09:44)/11.jpg,1.0
../DroneCapture/Takes/06-Feb-2020-(17:09:44)/5.jpg,1.0
../DroneCapture/Takes/06-Feb-2020-(17:09:44)/7.jpg,1.0
../DroneCapture/Takes/06-Feb-2020-(17:09:44)/6.jpg,1.0
../DroneCapture/Takes/06-Feb-2020-(17:09:44)/2.jpg,0.0
../DroneCapture/Takes/06-Feb-2020-(17:09:44)/3.jpg,1.0
../DroneCapture/Takes/06-Feb-2020-(17:09:44)/1.jpg,1.0
../DroneCapture/Takes/06-Feb-2020-(17:09:44)/0.jpg,1.0
../DroneCapture/Takes/05-Feb-2020-(15:14:01)/8.jpg,0.0
../DroneCapture/Takes/05-Feb-2020-(15:14:01)/9.jpg,1.0
../DroneCapture/Takes/05-Feb-2020-(15:14:01)/14.jpg,1.0
../DroneCapture/Takes/05-Feb-2020-(15:14:01)/15.jpg,1.0
../DroneCapture/Takes/05-Feb-2020-(15:14:01)/17.jpg,0.0
../DroneCapture/Takes/05-Feb-2020-(15:14:01)/16.jpg,1.0
../DroneCapture/Takes/05-Feb-2020-(15:14:01)/12.jpg,1.0
../DroneCapture/Takes/05-Feb-2020-(15:14:01)/13.jpg,1.0
../DroneCapture/Takes/05-Feb-2020-(15:14:01)/11.jpg,1.0
../DroneCapture/Takes/05-Feb-2020-(15:14:01)/10.jpg,1.0
../DroneCapture/Takes/05-Feb-2020-(15:14:01)/21.jpg,1.0
../DroneCapture/Takes/05-Feb-2020-(15:14:01)/20.jpg,1.0
../DroneCapture/Takes/05-Feb-2020-(15:14:01)/18.jpg,0.0
../DroneCapture/Takes/05-Feb-2020-(15:14:01)/19.jpg,0.0
../DroneCapture/Takes/05-Feb-2020-(15:14:01)/4.jpg,1.0
../DroneCapture/Takes/05-Feb-2020-(15:14:01)/5.jpg,1.0
../DroneCapture/Takes/05-Feb-2020-(15:14:01)/7.jpg,0.0
../DroneCapture/Takes/05-Feb-2020-(15:14:01)/6.jpg,1.0
../DroneCapture/Takes/05-Feb-2020-(15:14:01)/2.jpg,1.0
../DroneCapture/Takes/05-Feb-2020-(15:14:01)/3.jpg,1.0
../DroneCapture/Takes/05-Feb-2020-(15:14:01)/1.jpg,1.0
../DroneCapture/Takes/05-Feb-2020-(15:14:01)/0.jpg,1.0
../DroneCapture/Takes/03-Feb-2020-(15:49:06)/8.jpg,1.0
../DroneCapture/Takes/03-Feb-2020-(15:49:06)/9.jpg,0.0
../DroneCapture/Takes/03-Feb-2020-(15:49:06)/10.jpg,0.0
../DroneCapture/Takes/03-Feb-2020-(15:49:06)/4.jpg,1.0
../DroneCapture/Takes/03-Feb-2020-(15:49:06)/5.jpg,1.0
../DroneCapture/Takes/03-Feb-2020-(15:49:06)/7.jpg,1.0
../DroneCapture/Takes/03-Feb-2020-(15:49:06)/6.jpg,1.0
../DroneCapture/Takes/03-Feb-2020-(15:49:06)/2.jpg,1.0
../DroneCapture/Takes/03-Feb-2020-(15:49:06)/3.jpg,1.0
../DroneCapture/Takes/03-Feb-2020-(15:49:06)/1.jpg,1.0
../DroneCapture/Takes/03-Feb-2020-(15:49:06)/0.jpg,0.0
../DroneCapture/Takes/03-Feb-2020-(11:47:09)/2.jpg,
../DroneCapture/Takes/03-Feb-2020-(11:47:09)/1.jpg,1.0
../DroneCapture/Takes/03-Feb-2020-(11:47:09)/0.jpg,
../DroneCapture/Takes/08-Feb-2020-(15:43:25)/2.jpg,
../DroneCapture/Takes/08-Feb-2020-(15:43:25)/1.jpg,1.0
../DroneCapture/Takes/08-Feb-2020-(15:43:25)/0.jpg,1.0
../DroneCapture/Takes/06-Feb-2020-(17:24:34)/8.jpg,1.0
../DroneCapture/Takes/06-Feb-2020-(17:24:34)/9.jpg,1.0
../DroneCapture/Takes/06-Feb-2020-(17:24:34)/4.jpg,1.0
../DroneCapture/Takes/06-Feb-2020-(17:24:34)/5.jpg,1.0
../DroneCapture/Takes/06-Feb-2020-(17:24:34)/7.jpg,1.0
../DroneCapture/Takes/06-Feb-2020-(17:24:34)/6.jpg,1.0
../DroneCapture/Takes/06-Feb-2020-(17:24:34)/2.jpg,1.0
../DroneCapture/Takes/06-Feb-2020-(17:24:34)/3.jpg,1.0
../DroneCapture/Takes/06-Feb-2020-(17:24:34)/1.jpg,1.0
../DroneCapture/Takes/06-Feb-2020-(17:24:34)/0.jpg,1.0
../DroneCapture/Takes/03-Feb-2020-(16:01:21)/8.jpg,0.0
../DroneCapture/Takes/03-Feb-2020-(16:01:21)/9.jpg,0.0
../DroneCapture/Takes/03-Feb-2020-(16:01:21)/12.jpg,1.0
../DroneCapture/Takes/03-Feb-2020-(16:01:21)/11.jpg,1.0
../DroneCapture/Takes/03-Feb-2020-(16:01:21)/10.jpg,1.0
../DroneCapture/Takes/03-Feb-2020-(16:01:21)/4.jpg,1.0
../DroneCapture/Takes/03-Feb-2020-(16:01:21)/5.jpg,1.0
../DroneCapture/Takes/03-Feb-2020-(16:01:21)/7.jpg,0.0
../DroneCapture/Takes/03-Feb-2020-(16:01:21)/6.jpg,0.0
../DroneCapture/Takes/03-Feb-2020-(16:01:21)/2.jpg,1.0
../DroneCapture/Takes/03-Feb-2020-(16:01:21)/3.jpg,1.0
../DroneCapture/Takes/03-Feb-2020-(16:01:21)/1.jpg,1.0
../DroneCapture/Takes/03-Feb-2020-(16:01:21)/0.jpg,1.0
../DroneCapture/Takes/06-Feb-2020-(17:06:02)/8.jpg,0.0
../DroneCapture/Takes/06-Feb-2020-(17:06:02)/9.jpg,1.0
../DroneCapture/Takes/06-Feb-2020-(17:06:02)/14.jpg,1.0
../DroneCapture/Takes/06-Feb-2020-(17:06:02)/15.jpg,1.0
../DroneCapture/Takes/06-Feb-2020-(17:06:02)/17.jpg,1.0
../DroneCapture/Takes/06-Feb-2020-(17:06:02)/16.jpg,1.0
../DroneCapture/Takes/06-Feb-2020-(17:06:02)/12.jpg,
../DroneCapture/Takes/06-Feb-2020-(17:06:02)/13.jpg,1.0
../DroneCapture/Takes/06-Feb-2020-(17:06:02)/11.jpg,1.0
../DroneCapture/Takes/06-Feb-2020-(17:06:02)/10.jpg,1.0
../DroneCapture/Takes/06-Feb-2020-(17:06:02)/21.jpg,1.0
../DroneCapture/Takes/06-Feb-2020-(17:06:02)/20.jpg,1.0
../DroneCapture/Takes/06-Feb-2020-(17:06:02)/22.jpg,1.0
../DroneCapture/Takes/06-Feb-2020-(17:06:02)/23.jpg,1.0
../DroneCapture/Takes/06-Feb-2020-(17:06:02)/18.jpg,1.0
../DroneCapture/Takes/06-Feb-2020-(17:06:02)/24.jpg,1.0
../DroneCapture/Takes/06-Feb-2020-(17:06:02)/19.jpg,1.0
../DroneCapture/Takes/06-Feb-2020-(17:06:02)/4.jpg,1.0
../DroneCapture/Takes/06-Feb-2020-(17:06:02)/5.jpg,
../DroneCapture/Takes/06-Feb-2020-(17:06:02)/7.jpg,0.0
../DroneCapture/Takes/06-Feb-2020-(17:06:02)/6.jpg,
../DroneCapture/Takes/06-Feb-2020-(17:06:02)/2.jpg,1.0
../DroneCapture/Takes/06-Feb-2020-(17:06:02)/3.jpg,1.0
../DroneCapture/Takes/06-Feb-2020-(17:06:02)/1.jpg,1.0
../DroneCapture/Takes/06-Feb-2020-(17:06:02)/0.jpg,1.0
../DroneCapture/Takes/03-Feb-2020-(16:12:07)/2.jpg,1.0
../DroneCapture/Takes/03-Feb-2020-(16:12:07)/1.jpg,1.0
../DroneCapture/Takes/03-Feb-2020-(16:12:07)/0.jpg,1.0
../DroneCapture/Takes/05-Feb-2020-(14:58:37)/8.jpg,0.0
../DroneCapture/Takes/05-Feb-2020-(14:58:37)/9.jpg,1.0
../DroneCapture/Takes/05-Feb-2020-(14:58:37)/14.jpg,1.0
../DroneCapture/Takes/05-Feb-2020-(14:58:37)/15.jpg,1.0
../DroneCapture/Takes/05-Feb-2020-(14:58:37)/17.jpg,1.0
../DroneCapture/Takes/05-Feb-2020-(14:58:37)/16.jpg,1.0
../DroneCapture/Takes/05-Feb-2020-(14:58:37)/12.jpg,1.0
../DroneCapture/Takes/05-Feb-2020-(14:58:37)/13.jpg,1.0
../DroneCapture/Takes/05-Feb-2020-(14:58:37)/11.jpg,1.0
../DroneCapture/Takes/05-Feb-2020-(14:58:37)/10.jpg,1.0
../DroneCapture/Takes/05-Feb-2020-(14:58:37)/21.jpg,1.0
../DroneCapture/Takes/05-Feb-2020-(14:58:37)/20.jpg,1.0
../DroneCapture/Takes/05-Feb-2020-(14:58:37)/22.jpg,1.0
../DroneCapture/Takes/05-Feb-2020-(14:58:37)/23.jpg,
../DroneCapture/Takes/05-Feb-2020-(14:58:37)/18.jpg,1.0
../DroneCapture/Takes/05-Feb-2020-(14:58:37)/24.jpg,0.0
../DroneCapture/Takes/05-Feb-2020-(14:58:37)/19.jpg,1.0
../DroneCapture/Takes/05-Feb-2020-(14:58:37)/4.jpg,1.0
../DroneCapture/Takes/05-Feb-2020-(14:58:37)/5.jpg,1.0
../DroneCapture/Takes/05-Feb-2020-(14:58:37)/7.jpg,0.0
../DroneCapture/Takes/05-Feb-2020-(14:58:37)/6.jpg,0.0
../DroneCapture/Takes/05-Feb-2020-(14:58:37)/2.jpg,1.0
../DroneCapture/Takes/05-Feb-2020-(14:58:37)/3.jpg,1.0
../DroneCapture/Takes/05-Feb-2020-(14:58:37)/1.jpg,1.0
../DroneCapture/Takes/05-Feb-2020-(14:58:37)/0.jpg,1.0
../DroneCapture/Takes/11-Feb-2020-(13:17:09)/8.jpg,0.0
../DroneCapture/Takes/11-Feb-2020-(13:17:09)/9.jpg,0.0
../DroneCapture/Takes/11-Feb-2020-(13:17:09)/14.jpg,0.0
../DroneCapture/Takes/11-Feb-2020-(13:17:09)/15.jpg,0.0
../DroneCapture/Takes/11-Feb-2020-(13:17:09)/17.jpg,0.0
../DroneCapture/Takes/11-Feb-2020-(13:17:09)/16.jpg,0.0
../DroneCapture/Takes/11-Feb-2020-(13:17:09)/12.jpg,0.0
../DroneCapture/Takes/11-Feb-2020-(13:17:09)/13.jpg,0.0
../DroneCapture/Takes/11-Feb-2020-(13:17:09)/11.jpg,0.0
../DroneCapture/Takes/11-Feb-2020-(13:17:09)/10.jpg,0.0
../DroneCapture/Takes/11-Feb-2020-(13:17:09)/21.jpg,1.0
../DroneCapture/Takes/11-Feb-2020-(13:17:09)/20.jpg,1.0
../DroneCapture/Takes/11-Feb-2020-(13:17:09)/22.jpg,1.0
../DroneCapture/Takes/11-Feb-2020-(13:17:09)/23.jpg,1.0
../DroneCapture/Takes/11-Feb-2020-(13:17:09)/18.jpg,0.0
../DroneCapture/Takes/11-Feb-2020-(13:17:09)/24.jpg,0.0
../DroneCapture/Takes/11-Feb-2020-(13:17:09)/19.jpg,0.0
../DroneCapture/Takes/11-Feb-2020-(13:17:09)/4.jpg,0.0
../DroneCapture/Takes/11-Feb-2020-(13:17:09)/5.jpg,0.0
../DroneCapture/Takes/11-Feb-2020-(13:17:09)/7.jpg,0.0
../DroneCapture/Takes/11-Feb-2020-(13:17:09)/6.jpg,0.0
../DroneCapture/Takes/11-Feb-2020-(13:17:09)/2.jpg,0.0
../DroneCapture/Takes/11-Feb-2020-(13:17:09)/3.jpg,0.0
../DroneCapture/Takes/11-Feb-2020-(13:17:09)/1.jpg,0.0
../DroneCapture/Takes/11-Feb-2020-(13:17:09)/0.jpg,0.0
../DroneCapture/Takes/11-Feb-2020-(13:22:42)/8.jpg,0.0
../DroneCapture/Takes/11-Feb-2020-(13:22:42)/9.jpg,0.0
../DroneCapture/Takes/11-Feb-2020-(13:22:42)/4.jpg,0.0
../DroneCapture/Takes/11-Feb-2020-(13:22:42)/5.jpg,0.0
../DroneCapture/Takes/11-Feb-2020-(13:22:42)/7.jpg,0.0
../DroneCapture/Takes/11-Feb-2020-(13:22:42)/6.jpg,0.0
../DroneCapture/Takes/11-Feb-2020-(13:22:42)/2.jpg,0.0
../DroneCapture/Takes/11-Feb-2020-(13:22:42)/3.jpg,0.0
../DroneCapture/Takes/11-Feb-2020-(13:22:42)/1.jpg,0.0
../DroneCapture/Takes/11-Feb-2020-(13:22:42)/0.jpg,0.0
../DroneCapture/Takes/11-Feb-2020-(17:03:51)/63.jpg,1.0
../DroneCapture/Takes/11-Feb-2020-(17:03:51)/77.jpg,
../DroneCapture/Takes/11-Feb-2020-(17:03:51)/76.jpg,1.0
../DroneCapture/Takes/11-Feb-2020-(17:03:51)/62.jpg,1.0
../DroneCapture/Takes/11-Feb-2020-(17:03:51)/74.jpg,1.0
../DroneCapture/Takes/11-Feb-2020-(17:03:51)/60.jpg,1.0
../DroneCapture/Takes/11-Feb-2020-(17:03:51)/48.jpg,1.0
../DroneCapture/Takes/11-Feb-2020-(17:03:51)/49.jpg,1.0
../DroneCapture/Takes/11-Feb-2020-(17:03:51)/61.jpg,1.0
../DroneCapture/Takes/11-Feb-2020-(17:03:51)/75.jpg,1.0
../DroneCapture/Takes/11-Feb-2020-(17:03:51)/59.jpg,1.0
../DroneCapture/Takes/11-Feb-2020-(17:03:51)/71.jpg,0.0
../DroneCapture/Takes/11-Feb-2020-(17:03:51)/65.jpg,1.0
../DroneCapture/Takes/11-Feb-2020-(17:03:51)/64.jpg,1.0
../DroneCapture/Takes/11-Feb-2020-(17:03:51)/70.jpg,1.0
../DroneCapture/Takes/11-Feb-2020-(17:03:51)/58.jpg,1.0
../DroneCapture/Takes/11-Feb-2020-(17:03:51)/8.jpg,
../DroneCapture/Takes/11-Feb-2020-(17:03:51)/66.jpg,1.0
../DroneCapture/Takes/11-Feb-2020-(17:03:51)/72.jpg,0.0
../DroneCapture/Takes/11-Feb-2020-(17:03:51)/73.jpg,
../DroneCapture/Takes/11-Feb-2020-(17:03:51)/67.jpg,1.0
../DroneCapture/Takes/11-Feb-2020-(17:03:51)/9.jpg,0.0
../DroneCapture/Takes/11-Feb-2020-(17:03:51)/14.jpg,1.0
../DroneCapture/Takes/11-Feb-2020-(17:03:51)/28.jpg,1.0
../DroneCapture/Takes/11-Feb-2020-(17:03:51)/29.jpg,0.0
../DroneCapture/Takes/11-Feb-2020-(17:03:51)/15.jpg,1.0
../DroneCapture/Takes/11-Feb-2020-(17:03:51)/17.jpg,1.0
../DroneCapture/Takes/11-Feb-2020-(17:03:51)/16.jpg,1.0
../DroneCapture/Takes/11-Feb-2020-(17:03:51)/12.jpg,1.0
../DroneCapture/Takes/11-Feb-2020-(17:03:51)/13.jpg,1.0
../DroneCapture/Takes/11-Feb-2020-(17:03:51)/39.jpg,
../DroneCapture/Takes/11-Feb-2020-(17:03:51)/11.jpg,1.0
../DroneCapture/Takes/11-Feb-2020-(17:03:51)/10.jpg,1.0
../DroneCapture/Takes/11-Feb-2020-(17:03:51)/38.jpg,1.0
../DroneCapture/Takes/11-Feb-2020-(17:03:51)/21.jpg,0.0
../DroneCapture/Takes/11-Feb-2020-(17:03:51)/35.jpg,1.0
../DroneCapture/Takes/11-Feb-2020-(17:03:51)/34.jpg,1.0
../DroneCapture/Takes/11-Feb-2020-(17:03:51)/20.jpg,0.0
../DroneCapture/Takes/11-Feb-2020-(17:03:51)/36.jpg,
../DroneCapture/Takes/11-Feb-2020-(17:03:51)/22.jpg,1.0
../DroneCapture/Takes/11-Feb-2020-(17:03:51)/23.jpg,1.0
../DroneCapture/Takes/11-Feb-2020-(17:03:51)/37.jpg,1.0
../DroneCapture/Takes/11-Feb-2020-(17:03:51)/33.jpg,1.0
../DroneCapture/Takes/11-Feb-2020-(17:03:51)/27.jpg,1.0
../DroneCapture/Takes/11-Feb-2020-(17:03:51)/26.jpg,1.0
../DroneCapture/Takes/11-Feb-2020-(17:03:51)/32.jpg,0.0
../DroneCapture/Takes/11-Feb-2020-(17:03:51)/18.jpg,1.0
../DroneCapture/Takes/11-Feb-2020-(17:03:51)/24.jpg,1.0
../DroneCapture/Takes/11-Feb-2020-(17:03:51)/30.jpg,0.0
../DroneCapture/Takes/11-Feb-2020-(17:03:51)/31.jpg,
../DroneCapture/Takes/11-Feb-2020-(17:03:51)/25.jpg,1.0
../DroneCapture/Takes/11-Feb-2020-(17:03:51)/19.jpg,1.0
../DroneCapture/Takes/11-Feb-2020-(17:03:51)/42.jpg,1.0
../DroneCapture/Takes/11-Feb-2020-(17:03:51)/4.jpg,0.0
../DroneCapture/Takes/11-Feb-2020-(17:03:51)/56.jpg,0.0
../DroneCapture/Takes/11-Feb-2020-(17:03:51)/81.jpg,1.0
../DroneCapture/Takes/11-Feb-2020-(17:03:51)/80.jpg,0.0
../DroneCapture/Takes/11-Feb-2020-(17:03:51)/5.jpg,0.0
../DroneCapture/Takes/11-Feb-2020-(17:03:51)/57.jpg,1.0
../DroneCapture/Takes/11-Feb-2020-(17:03:51)/43.jpg,1.0
../DroneCapture/Takes/11-Feb-2020-(17:03:51)/55.jpg,0.0
../DroneCapture/Takes/11-Feb-2020-(17:03:51)/7.jpg,
../DroneCapture/Takes/11-Feb-2020-(17:03:51)/41.jpg,1.0
../DroneCapture/Takes/11-Feb-2020-(17:03:51)/69.jpg,1.0
../DroneCapture/Takes/11-Feb-2020-(17:03:51)/68.jpg,1.0
../DroneCapture/Takes/11-Feb-2020-(17:03:51)/40.jpg,1.0
../DroneCapture/Takes/11-Feb-2020-(17:03:51)/54.jpg,0.0
../DroneCapture/Takes/11-Feb-2020-(17:03:51)/6.jpg,0.0
../DroneCapture/Takes/11-Feb-2020-(17:03:51)/78.jpg,0.0
../DroneCapture/Takes/11-Feb-2020-(17:03:51)/2.jpg,1.0
../DroneCapture/Takes/11-Feb-2020-(17:03:51)/50.jpg,1.0
../DroneCapture/Takes/11-Feb-2020-(17:03:51)/44.jpg,1.0
../DroneCapture/Takes/11-Feb-2020-(17:03:51)/45.jpg,1.0
../DroneCapture/Takes/11-Feb-2020-(17:03:51)/3.jpg,1.0
../DroneCapture/Takes/11-Feb-2020-(17:03:51)/51.jpg,1.0
../DroneCapture/Takes/11-Feb-2020-(17:03:51)/79.jpg,0.0
../DroneCapture/Takes/11-Feb-2020-(17:03:51)/47.jpg,1.0
../DroneCapture/Takes/11-Feb-2020-(17:03:51)/53.jpg,0.0
../DroneCapture/Takes/11-Feb-2020-(17:03:51)/1.jpg,1.0
../DroneCapture/Takes/11-Feb-2020-(17:03:51)/52.jpg,1.0
../DroneCapture/Takes/11-Feb-2020-(17:03:51)/0.jpg,1.0
../DroneCapture/Takes/11-Feb-2020-(17:03:51)/46.jpg,
../DroneCapture/Takes/11-Feb-2020-(13:12:17)/8.jpg,0.0
../DroneCapture/Takes/11-Feb-2020-(13:12:17)/9.jpg,0.0
../DroneCapture/Takes/11-Feb-2020-(13:12:17)/14.jpg,0.0
../DroneCapture/Takes/11-Feb-2020-(13:12:17)/28.jpg,0.0
../DroneCapture/Takes/11-Feb-2020-(13:12:17)/29.jpg,0.0
../DroneCapture/Takes/11-Feb-2020-(13:12:17)/15.jpg,0.0
../DroneCapture/Takes/11-Feb-2020-(13:12:17)/17.jpg,0.0
../DroneCapture/Takes/11-Feb-2020-(13:12:17)/16.jpg,0.0
../DroneCapture/Takes/11-Feb-2020-(13:12:17)/12.jpg,0.0
../DroneCapture/Takes/11-Feb-2020-(13:12:17)/13.jpg,0.0
../DroneCapture/Takes/11-Feb-2020-(13:12:17)/11.jpg,0.0
../DroneCapture/Takes/11-Feb-2020-(13:12:17)/10.jpg,0.0
../DroneCapture/Takes/11-Feb-2020-(13:12:17)/21.jpg,1.0
../DroneCapture/Takes/11-Feb-2020-(13:12:17)/20.jpg,1.0
../DroneCapture/Takes/11-Feb-2020-(13:12:17)/22.jpg,1.0
../DroneCapture/Takes/11-Feb-2020-(13:12:17)/23.jpg,1.0
../DroneCapture/Takes/11-Feb-2020-(13:12:17)/27.jpg,0.0
../DroneCapture/Takes/11-Feb-2020-(13:12:17)/26.jpg,0.0
../DroneCapture/Takes/11-Feb-2020-(13:12:17)/18.jpg,1.0
../DroneCapture/Takes/11-Feb-2020-(13:12:17)/24.jpg,0.0
../DroneCapture/Takes/11-Feb-2020-(13:12:17)/30.jpg,0.0
../DroneCapture/Takes/11-Feb-2020-(13:12:17)/31.jpg,1.0
../DroneCapture/Takes/11-Feb-2020-(13:12:17)/25.jpg,0.0
../DroneCapture/Takes/11-Feb-2020-(13:12:17)/19.jpg,1.0
../DroneCapture/Takes/11-Feb-2020-(13:12:17)/4.jpg,0.0
../DroneCapture/Takes/11-Feb-2020-(13:12:17)/5.jpg,0.0
../DroneCapture/Takes/11-Feb-2020-(13:12:17)/7.jpg,0.0
../DroneCapture/Takes/11-Feb-2020-(13:12:17)/6.jpg,0.0
../DroneCapture/Takes/11-Feb-2020-(13:12:17)/2.jpg,0.0
../DroneCapture/Takes/11-Feb-2020-(13:12:17)/3.jpg,0.0
../DroneCapture/Takes/11-Feb-2020-(13:12:17)/1.jpg,0.0
../DroneCapture/Takes/11-Feb-2020-(13:12:17)/0.jpg,0.0
../DroneCapture/Takes/11-Feb-2020-(16:48:12)/8.jpg,0.0
../DroneCapture/Takes/11-Feb-2020-(16:48:12)/9.jpg,0.0
../DroneCapture/Takes/11-Feb-2020-(16:48:12)/14.jpg,0.0
../DroneCapture/Takes/11-Feb-2020-(16:48:12)/28.jpg,0.0
../DroneCapture/Takes/11-Feb-2020-(16:48:12)/29.jpg,0.0
../DroneCapture/Takes/11-Feb-2020-(16:48:12)/15.jpg,0.0
../DroneCapture/Takes/11-Feb-2020-(16:48:12)/17.jpg,0.0
../DroneCapture/Takes/11-Feb-2020-(16:48:12)/16.jpg,0.0
../DroneCapture/Takes/11-Feb-2020-(16:48:12)/12.jpg,0.0
../DroneCapture/Takes/11-Feb-2020-(16:48:12)/13.jpg,0.0
../DroneCapture/Takes/11-Feb-2020-(16:48:12)/11.jpg,0.0
../DroneCapture/Takes/11-Feb-2020-(16:48:12)/10.jpg,0.0
../DroneCapture/Takes/11-Feb-2020-(16:48:12)/21.jpg,0.0
../DroneCapture/Takes/11-Feb-2020-(16:48:12)/20.jpg,0.0
../DroneCapture/Takes/11-Feb-2020-(16:48:12)/22.jpg,0.0
../DroneCapture/Takes/11-Feb-2020-(16:48:12)/23.jpg,0.0
../DroneCapture/Takes/11-Feb-2020-(16:48:12)/27.jpg,0.0
../DroneCapture/Takes/11-Feb-2020-(16:48:12)/26.jpg,0.0
../DroneCapture/Takes/11-Feb-2020-(16:48:12)/18.jpg,0.0
../DroneCapture/Takes/11-Feb-2020-(16:48:12)/24.jpg,0.0
../DroneCapture/Takes/11-Feb-2020-(16:48:12)/30.jpg,0.0
../DroneCapture/Takes/11-Feb-2020-(16:48:12)/25.jpg,0.0
../DroneCapture/Takes/11-Feb-2020-(16:48:12)/19.jpg,0.0
../DroneCapture/Takes/11-Feb-2020-(16:48:12)/4.jpg,0.0
../DroneCapture/Takes/11-Feb-2020-(16:48:12)/5.jpg,0.0
../DroneCapture/Takes/11-Feb-2020-(16:48:12)/7.jpg,0.0
../DroneCapture/Takes/11-Feb-2020-(16:48:12)/6.jpg,0.0
../DroneCapture/Takes/11-Feb-2020-(16:48:12)/2.jpg,0.0
../DroneCapture/Takes/11-Feb-2020-(16:48:12)/3.jpg,0.0
../DroneCapture/Takes/11-Feb-2020-(16:48:12)/1.jpg,0.0
../DroneCapture/Takes/11-Feb-2020-(16:48:12)/0.jpg,0.0
../DroneCapture/Takes/11-Feb-2020-(16:54:38)/8.jpg,1.0
../DroneCapture/Takes/11-Feb-2020-(16:54:38)/9.jpg,1.0
../DroneCapture/Takes/11-Feb-2020-(16:54:38)/14.jpg,1.0
../DroneCapture/Takes/11-Feb-2020-(16:54:38)/28.jpg,1.0
../DroneCapture/Takes/11-Feb-2020-(16:54:38)/29.jpg,1.0
../DroneCapture/Takes/11-Feb-2020-(16:54:38)/15.jpg,1.0
../DroneCapture/Takes/11-Feb-2020-(16:54:38)/17.jpg,1.0
../DroneCapture/Takes/11-Feb-2020-(16:54:38)/16.jpg,1.0
../DroneCapture/Takes/11-Feb-2020-(16:54:38)/12.jpg,1.0
../DroneCapture/Takes/11-Feb-2020-(16:54:38)/13.jpg,1.0
../DroneCapture/Takes/11-Feb-2020-(16:54:38)/39.jpg,0.0
../DroneCapture/Takes/11-Feb-2020-(16:54:38)/11.jpg,1.0
../DroneCapture/Takes/11-Feb-2020-(16:54:38)/10.jpg,1.0
../DroneCapture/Takes/11-Feb-2020-(16:54:38)/38.jpg,0.0
../DroneCapture/Takes/11-Feb-2020-(16:54:38)/21.jpg,
../DroneCapture/Takes/11-Feb-2020-(16:54:38)/35.jpg,0.0
../DroneCapture/Takes/11-Feb-2020-(16:54:38)/34.jpg,0.0
../DroneCapture/Takes/11-Feb-2020-(16:54:38)/20.jpg,0.0
../DroneCapture/Takes/11-Feb-2020-(16:54:38)/36.jpg,0.0
../DroneCapture/Takes/11-Feb-2020-(16:54:38)/22.jpg,
../DroneCapture/Takes/11-Feb-2020-(16:54:38)/23.jpg,0.0
../DroneCapture/Takes/11-Feb-2020-(16:54:38)/37.jpg,
../DroneCapture/Takes/11-Feb-2020-(16:54:38)/33.jpg,1.0
../DroneCapture/Takes/11-Feb-2020-(16:54:38)/27.jpg,
../DroneCapture/Takes/11-Feb-2020-(16:54:38)/26.jpg,0.0
../DroneCapture/Takes/11-Feb-2020-(16:54:38)/32.jpg,1.0
../DroneCapture/Takes/11-Feb-2020-(16:54:38)/18.jpg,0.0
../DroneCapture/Takes/11-Feb-2020-(16:54:38)/24.jpg,0.0
../DroneCapture/Takes/11-Feb-2020-(16:54:38)/30.jpg,1.0
../DroneCapture/Takes/11-Feb-2020-(16:54:38)/31.jpg,1.0
../DroneCapture/Takes/11-Feb-2020-(16:54:38)/25.jpg,0.0
../DroneCapture/Takes/11-Feb-2020-(16:54:38)/19.jpg,0.0
../DroneCapture/Takes/11-Feb-2020-(16:54:38)/4.jpg,0.0
../DroneCapture/Takes/11-Feb-2020-(16:54:38)/5.jpg,
../DroneCapture/Takes/11-Feb-2020-(16:54:38)/7.jpg,1.0
../DroneCapture/Takes/11-Feb-2020-(16:54:38)/6.jpg,1.0
../DroneCapture/Takes/11-Feb-2020-(16:54:38)/2.jpg,0.0
../DroneCapture/Takes/11-Feb-2020-(16:54:38)/3.jpg,0.0
../DroneCapture/Takes/11-Feb-2020-(16:54:38)/1.jpg,0.0
../DroneCapture/Takes/11-Feb-2020-(16:54:38)/0.jpg,1.0
../DroneCapture/Takes/13-Feb-2020-(16:01:24)/48.jpg,1.0
../DroneCapture/Takes/13-Feb-2020-(16:01:24)/8.jpg,1.0
../DroneCapture/Takes/13-Feb-2020-(16:01:24)/9.jpg,1.0
../DroneCapture/Takes/13-Feb-2020-(16:01:24)/14.jpg,1.0
../DroneCapture/Takes/13-Feb-2020-(16:01:24)/28.jpg,0.0
../DroneCapture/Takes/13-Feb-2020-(16:01:24)/29.jpg,0.0
../DroneCapture/Takes/13-Feb-2020-(16:01:24)/15.jpg,1.0
../DroneCapture/Takes/13-Feb-2020-(16:01:24)/17.jpg,1.0
../DroneCapture/Takes/13-Feb-2020-(16:01:24)/16.jpg,1.0
../DroneCapture/Takes/13-Feb-2020-(16:01:24)/12.jpg,1.0
../DroneCapture/Takes/13-Feb-2020-(16:01:24)/13.jpg,1.0
../DroneCapture/Takes/13-Feb-2020-(16:01:24)/39.jpg,0.0
../DroneCapture/Takes/13-Feb-2020-(16:01:24)/11.jpg,1.0
../DroneCapture/Takes/13-Feb-2020-(16:01:24)/10.jpg,1.0
../DroneCapture/Takes/13-Feb-2020-(16:01:24)/38.jpg,0.0
../DroneCapture/Takes/13-Feb-2020-(16:01:24)/21.jpg,0.0
../DroneCapture/Takes/13-Feb-2020-(16:01:24)/35.jpg,0.0
../DroneCapture/Takes/13-Feb-2020-(16:01:24)/34.jpg,0.0
../DroneCapture/Takes/13-Feb-2020-(16:01:24)/20.jpg,0.0
../DroneCapture/Takes/13-Feb-2020-(16:01:24)/36.jpg,0.0
../DroneCapture/Takes/13-Feb-2020-(16:01:24)/22.jpg,0.0
../DroneCapture/Takes/13-Feb-2020-(16:01:24)/23.jpg,0.0
../DroneCapture/Takes/13-Feb-2020-(16:01:24)/37.jpg,0.0
../DroneCapture/Takes/13-Feb-2020-(16:01:24)/33.jpg,1.0
../DroneCapture/Takes/13-Feb-2020-(16:01:24)/27.jpg,0.0
../DroneCapture/Takes/13-Feb-2020-(16:01:24)/26.jpg,0.0
../DroneCapture/Takes/13-Feb-2020-(16:01:24)/32.jpg,1.0
../DroneCapture/Takes/13-Feb-2020-(16:01:24)/18.jpg,1.0
../DroneCapture/Takes/13-Feb-2020-(16:01:24)/24.jpg,0.0
../DroneCapture/Takes/13-Feb-2020-(16:01:24)/30.jpg,1.0
../DroneCapture/Takes/13-Feb-2020-(16:01:24)/31.jpg,1.0
../DroneCapture/Takes/13-Feb-2020-(16:01:24)/25.jpg,0.0
../DroneCapture/Takes/13-Feb-2020-(16:01:24)/19.jpg,1.0
../DroneCapture/Takes/13-Feb-2020-(16:01:24)/42.jpg,1.0
../DroneCapture/Takes/13-Feb-2020-(16:01:24)/4.jpg,1.0
../DroneCapture/Takes/13-Feb-2020-(16:01:24)/5.jpg,1.0
../DroneCapture/Takes/13-Feb-2020-(16:01:24)/43.jpg,1.0
../DroneCapture/Takes/13-Feb-2020-(16:01:24)/7.jpg,1.0
../DroneCapture/Takes/13-Feb-2020-(16:01:24)/41.jpg,1.0
../DroneCapture/Takes/13-Feb-2020-(16:01:24)/40.jpg,0.0
../DroneCapture/Takes/13-Feb-2020-(16:01:24)/6.jpg,1.0
../DroneCapture/Takes/13-Feb-2020-(16:01:24)/2.jpg,1.0
../DroneCapture/Takes/13-Feb-2020-(16:01:24)/44.jpg,1.0
../DroneCapture/Takes/13-Feb-2020-(16:01:24)/45.jpg,1.0
../DroneCapture/Takes/13-Feb-2020-(16:01:24)/3.jpg,1.0
../DroneCapture/Takes/13-Feb-2020-(16:01:24)/47.jpg,1.0
../DroneCapture/Takes/13-Feb-2020-(16:01:24)/1.jpg,1.0
../DroneCapture/Takes/13-Feb-2020-(16:01:24)/0.jpg,1.0
../DroneCapture/Takes/13-Feb-2020-(16:01:24)/46.jpg,1.0
../DroneCapture/Takes/13-Feb-2020-(16:10:20)/8.jpg,0.0
../DroneCapture/Takes/13-Feb-2020-(16:10:20)/9.jpg,0.0
../DroneCapture/Takes/13-Feb-2020-(16:10:20)/12.jpg,0.0
../DroneCapture/Takes/13-Feb-2020-(16:10:20)/13.jpg,
../DroneCapture/Takes/13-Feb-2020-(16:10:20)/11.jpg,0.0
../DroneCapture/Takes/13-Feb-2020-(16:10:20)/10.jpg,0.0
../DroneCapture/Takes/13-Feb-2020-(16:10:20)/4.jpg,0.0
../DroneCapture/Takes/13-Feb-2020-(16:10:20)/5.jpg,0.0
../DroneCapture/Takes/13-Feb-2020-(16:10:20)/7.jpg,0.0
../DroneCapture/Takes/13-Feb-2020-(16:10:20)/6.jpg,0.0
../DroneCapture/Takes/13-Feb-2020-(16:10:20)/2.jpg,0.0
../DroneCapture/Takes/13-Feb-2020-(16:10:20)/3.jpg,0.0
../DroneCapture/Takes/13-Feb-2020-(16:10:20)/1.jpg,0.0
../DroneCapture/Takes/13-Feb-2020-(16:10:20)/0.jpg,0.0
../DroneCapture/Takes/13-Feb-2020-(16:20:36)/8.jpg,1.0
../DroneCapture/Takes/13-Feb-2020-(16:20:36)/9.jpg,1.0
../DroneCapture/Takes/13-Feb-2020-(16:20:36)/14.jpg,0.0
../DroneCapture/Takes/13-Feb-2020-(16:20:36)/28.jpg,1.0
../DroneCapture/Takes/13-Feb-2020-(16:20:36)/29.jpg,1.0
../DroneCapture/Takes/13-Feb-2020-(16:20:36)/15.jpg,0.0
../DroneCapture/Takes/13-Feb-2020-(16:20:36)/17.jpg,1.0
../DroneCapture/Takes/13-Feb-2020-(16:20:36)/16.jpg,0.0
../DroneCapture/Takes/13-Feb-2020-(16:20:36)/12.jpg,0.0
../DroneCapture/Takes/13-Feb-2020-(16:20:36)/13.jpg,0.0
../DroneCapture/Takes/13-Feb-2020-(16:20:36)/39.jpg,1.0
../DroneCapture/Takes/13-Feb-2020-(16:20:36)/11.jpg,1.0
../DroneCapture/Takes/13-Feb-2020-(16:20:36)/10.jpg,1.0
../DroneCapture/Takes/13-Feb-2020-(16:20:36)/38.jpg,1.0
../DroneCapture/Takes/13-Feb-2020-(16:20:36)/21.jpg,1.0
../DroneCapture/Takes/13-Feb-2020-(16:20:36)/35.jpg,0.0
../DroneCapture/Takes/13-Feb-2020-(16:20:36)/34.jpg,
../DroneCapture/Takes/13-Feb-2020-(16:20:36)/20.jpg,1.0
../DroneCapture/Takes/13-Feb-2020-(16:20:36)/36.jpg,0.0
../DroneCapture/Takes/13-Feb-2020-(16:20:36)/22.jpg,1.0
../DroneCapture/Takes/13-Feb-2020-(16:20:36)/23.jpg,1.0
../DroneCapture/Takes/13-Feb-2020-(16:20:36)/37.jpg,0.0
../DroneCapture/Takes/13-Feb-2020-(16:20:36)/33.jpg,0.0
../DroneCapture/Takes/13-Feb-2020-(16:20:36)/27.jpg,1.0
../DroneCapture/Takes/13-Feb-2020-(16:20:36)/26.jpg,1.0
../DroneCapture/Takes/13-Feb-2020-(16:20:36)/32.jpg,0.0
../DroneCapture/Takes/13-Feb-2020-(16:20:36)/18.jpg,1.0
../DroneCapture/Takes/13-Feb-2020-(16:20:36)/24.jpg,1.0
../DroneCapture/Takes/13-Feb-2020-(16:20:36)/30.jpg,1.0
../DroneCapture/Takes/13-Feb-2020-(16:20:36)/31.jpg,1.0
../DroneCapture/Takes/13-Feb-2020-(16:20:36)/25.jpg,1.0
../DroneCapture/Takes/13-Feb-2020-(16:20:36)/19.jpg,1.0
../DroneCapture/Takes/13-Feb-2020-(16:20:36)/4.jpg,1.0
../DroneCapture/Takes/13-Feb-2020-(16:20:36)/5.jpg,1.0
../DroneCapture/Takes/13-Feb-2020-(16:20:36)/7.jpg,1.0
../DroneCapture/Takes/13-Feb-2020-(16:20:36)/41.jpg,1.0
../DroneCapture/Takes/13-Feb-2020-(16:20:36)/40.jpg,1.0
../DroneCapture/Takes/13-Feb-2020-(16:20:36)/6.jpg,1.0
../DroneCapture/Takes/13-Feb-2020-(16:20:36)/2.jpg,1.0
../DroneCapture/Takes/13-Feb-2020-(16:20:36)/3.jpg,1.0
../DroneCapture/Takes/13-Feb-2020-(16:20:36)/1.jpg,1.0
../DroneCapture/Takes/13-Feb-2020-(16:20:36)/0.jpg,1.0
../DroneCapture/Takes/13-Feb-2020-(16:20:36)/42.jpg,1.0
../DroneCapture/Takes/14-Feb-2020-(11:02:26)/48.jpg,0.0
../DroneCapture/Takes/14-Feb-2020-(11:02:26)/8.jpg,0.0
../DroneCapture/Takes/14-Feb-2020-(11:02:26)/9.jpg,0.0
../DroneCapture/Takes/14-Feb-2020-(11:02:26)/14.jpg,0.0
../DroneCapture/Takes/14-Feb-2020-(11:02:26)/28.jpg,1.0
../DroneCapture/Takes/14-Feb-2020-(11:02:26)/29.jpg,1.0
../DroneCapture/Takes/14-Feb-2020-(11:02:26)/15.jpg,0.0
../DroneCapture/Takes/14-Feb-2020-(11:02:26)/17.jpg,0.0
../DroneCapture/Takes/14-Feb-2020-(11:02:26)/16.jpg,0.0
../DroneCapture/Takes/14-Feb-2020-(11:02:26)/12.jpg,1.0
../DroneCapture/Takes/14-Feb-2020-(11:02:26)/13.jpg,1.0
../DroneCapture/Takes/14-Feb-2020-(11:02:26)/39.jpg,0.0
../DroneCapture/Takes/14-Feb-2020-(11:02:26)/11.jpg,1.0
../DroneCapture/Takes/14-Feb-2020-(11:02:26)/10.jpg,0.0
../DroneCapture/Takes/14-Feb-2020-(11:02:26)/38.jpg,0.0
../DroneCapture/Takes/14-Feb-2020-(11:02:26)/21.jpg,0.0
../DroneCapture/Takes/14-Feb-2020-(11:02:26)/35.jpg,
../DroneCapture/Takes/14-Feb-2020-(11:02:26)/34.jpg,1.0
../DroneCapture/Takes/14-Feb-2020-(11:02:26)/20.jpg,0.0
../DroneCapture/Takes/14-Feb-2020-(11:02:26)/36.jpg,0.0
../DroneCapture/Takes/14-Feb-2020-(11:02:26)/22.jpg,0.0
../DroneCapture/Takes/14-Feb-2020-(11:02:26)/23.jpg,0.0
../DroneCapture/Takes/14-Feb-2020-(11:02:26)/37.jpg,0.0
../DroneCapture/Takes/14-Feb-2020-(11:02:26)/33.jpg,1.0
../DroneCapture/Takes/14-Feb-2020-(11:02:26)/27.jpg,1.0
../DroneCapture/Takes/14-Feb-2020-(11:02:26)/26.jpg,1.0
../DroneCapture/Takes/14-Feb-2020-(11:02:26)/32.jpg,0.0
../DroneCapture/Takes/14-Feb-2020-(11:02:26)/18.jpg,0.0
../DroneCapture/Takes/14-Feb-2020-(11:02:26)/24.jpg,1.0
../DroneCapture/Takes/14-Feb-2020-(11:02:26)/30.jpg,
../DroneCapture/Takes/14-Feb-2020-(11:02:26)/31.jpg,0.0
../DroneCapture/Takes/14-Feb-2020-(11:02:26)/25.jpg,1.0
../DroneCapture/Takes/14-Feb-2020-(11:02:26)/19.jpg,0.0
../DroneCapture/Takes/14-Feb-2020-(11:02:26)/42.jpg,0.0
../DroneCapture/Takes/14-Feb-2020-(11:02:26)/4.jpg,1.0
../DroneCapture/Takes/14-Feb-2020-(11:02:26)/5.jpg,0.0
../DroneCapture/Takes/14-Feb-2020-(11:02:26)/43.jpg,0.0
../DroneCapture/Takes/14-Feb-2020-(11:02:26)/7.jpg,0.0
../DroneCapture/Takes/14-Feb-2020-(11:02:26)/41.jpg,0.0
../DroneCapture/Takes/14-Feb-2020-(11:02:26)/40.jpg,0.0
../DroneCapture/Takes/14-Feb-2020-(11:02:26)/6.jpg,0.0
../DroneCapture/Takes/14-Feb-2020-(11:02:26)/2.jpg,1.0
../DroneCapture/Takes/14-Feb-2020-(11:02:26)/44.jpg,
../DroneCapture/Takes/14-Feb-2020-(11:02:26)/45.jpg,1.0
../DroneCapture/Takes/14-Feb-2020-(11:02:26)/3.jpg,1.0
../DroneCapture/Takes/14-Feb-2020-(11:02:26)/47.jpg,1.0
../DroneCapture/Takes/14-Feb-2020-(11:02:26)/1.jpg,1.0
../DroneCapture/Takes/14-Feb-2020-(11:02:26)/0.jpg,1.0
../DroneCapture/Takes/14-Feb-2020-(11:02:26)/46.jpg,1.0
../DroneCapture/Takes/14-Feb-2020-(11:14:52)/4.jpg,0.0
../DroneCapture/Takes/14-Feb-2020-(11:14:52)/5.jpg,0.0
../DroneCapture/Takes/14-Feb-2020-(11:14:52)/7.jpg,
../DroneCapture/Takes/14-Feb-2020-(11:14:52)/6.jpg,1.0
../DroneCapture/Takes/14-Feb-2020-(11:14:52)/2.jpg,1.0
../DroneCapture/Takes/14-Feb-2020-(11:14:52)/3.jpg,0.0
../DroneCapture/Takes/14-Feb-2020-(11:14:52)/1.jpg,1.0
../DroneCapture/Takes/14-Feb-2020-(11:14:52)/0.jpg,1.0
../DroneCapture/Takes/14-Feb-2020-(11:11:44)/8.jpg,0.0
../DroneCapture/Takes/14-Feb-2020-(11:11:44)/9.jpg,0.0
../DroneCapture/Takes/14-Feb-2020-(11:11:44)/14.jpg,0.0
../DroneCapture/Takes/14-Feb-2020-(11:11:44)/15.jpg,0.0
../DroneCapture/Takes/14-Feb-2020-(11:11:44)/17.jpg,0.0
../DroneCapture/Takes/14-Feb-2020-(11:11:44)/16.jpg,0.0
../DroneCapture/Takes/14-Feb-2020-(11:11:44)/12.jpg,0.0
../DroneCapture/Takes/14-Feb-2020-(11:11:44)/13.jpg,0.0
../DroneCapture/Takes/14-Feb-2020-(11:11:44)/11.jpg,0.0
../DroneCapture/Takes/14-Feb-2020-(11:11:44)/10.jpg,0.0
../DroneCapture/Takes/14-Feb-2020-(11:11:44)/21.jpg,0.0
../DroneCapture/Takes/14-Feb-2020-(11:11:44)/20.jpg,0.0
../DroneCapture/Takes/14-Feb-2020-(11:11:44)/22.jpg,0.0
../DroneCapture/Takes/14-Feb-2020-(11:11:44)/23.jpg,0.0
../DroneCapture/Takes/14-Feb-2020-(11:11:44)/18.jpg,0.0
../DroneCapture/Takes/14-Feb-2020-(11:11:44)/19.jpg,0.0
../DroneCapture/Takes/14-Feb-2020-(11:11:44)/4.jpg,0.0
../DroneCapture/Takes/14-Feb-2020-(11:11:44)/5.jpg,0.0
../DroneCapture/Takes/14-Feb-2020-(11:11:44)/7.jpg,0.0
../DroneCapture/Takes/14-Feb-2020-(11:11:44)/6.jpg,0.0
../DroneCapture/Takes/14-Feb-2020-(11:11:44)/2.jpg,0.0
../DroneCapture/Takes/14-Feb-2020-(11:11:44)/3.jpg,0.0
../DroneCapture/Takes/14-Feb-2020-(11:11:44)/1.jpg,0.0
../DroneCapture/Takes/14-Feb-2020-(11:11:44)/0.jpg,0.0
../DroneCapture/Takes/14-Feb-2020-(11:22:39)/8.jpg,1.0
../DroneCapture/Takes/14-Feb-2020-(11:22:39)/9.jpg,1.0
../DroneCapture/Takes/14-Feb-2020-(11:22:39)/14.jpg,1.0
../DroneCapture/Takes/14-Feb-2020-(11:22:39)/28.jpg,1.0
../DroneCapture/Takes/14-Feb-2020-(11:22:39)/29.jpg,1.0
../DroneCapture/Takes/14-Feb-2020-(11:22:39)/15.jpg,1.0
../DroneCapture/Takes/14-Feb-2020-(11:22:39)/17.jpg,1.0
../DroneCapture/Takes/14-Feb-2020-(11:22:39)/16.jpg,1.0
../DroneCapture/Takes/14-Feb-2020-(11:22:39)/12.jpg,1.0
../DroneCapture/Takes/14-Feb-2020-(11:22:39)/13.jpg,1.0
../DroneCapture/Takes/14-Feb-2020-(11:22:39)/11.jpg,1.0
../DroneCapture/Takes/14-Feb-2020-(11:22:39)/10.jpg,1.0
../DroneCapture/Takes/14-Feb-2020-(11:22:39)/21.jpg,1.0
../DroneCapture/Takes/14-Feb-2020-(11:22:39)/20.jpg,0.0
../DroneCapture/Takes/14-Feb-2020-(11:22:39)/22.jpg,1.0
../DroneCapture/Takes/14-Feb-2020-(11:22:39)/23.jpg,
../DroneCapture/Takes/14-Feb-2020-(11:22:39)/33.jpg,1.0
../DroneCapture/Takes/14-Feb-2020-(11:22:39)/27.jpg,1.0
../DroneCapture/Takes/14-Feb-2020-(11:22:39)/26.jpg,1.0
../DroneCapture/Takes/14-Feb-2020-(11:22:39)/32.jpg,1.0
../DroneCapture/Takes/14-Feb-2020-(11:22:39)/18.jpg,
../DroneCapture/Takes/14-Feb-2020-(11:22:39)/24.jpg,0.0
../DroneCapture/Takes/14-Feb-2020-(11:22:39)/30.jpg,1.0
../DroneCapture/Takes/14-Feb-2020-(11:22:39)/31.jpg,1.0
../DroneCapture/Takes/14-Feb-2020-(11:22:39)/25.jpg,1.0
../DroneCapture/Takes/14-Feb-2020-(11:22:39)/19.jpg,0.0
../DroneCapture/Takes/14-Feb-2020-(11:22:39)/4.jpg,1.0
../DroneCapture/Takes/14-Feb-2020-(11:22:39)/5.jpg,1.0
../DroneCapture/Takes/14-Feb-2020-(11:22:39)/7.jpg,1.0
../DroneCapture/Takes/14-Feb-2020-(11:22:39)/6.jpg,1.0
../DroneCapture/Takes/14-Feb-2020-(11:22:39)/2.jpg,1.0
../DroneCapture/Takes/14-Feb-2020-(11:22:39)/3.jpg,1.0
../DroneCapture/Takes/14-Feb-2020-(11:22:39)/1.jpg,1.0
../DroneCapture/Takes/14-Feb-2020-(11:22:39)/0.jpg,1.0
../DroneCapture/Takes/14-Feb-2020-(11:08:16)/8.jpg,0.0
../DroneCapture/Takes/14-Feb-2020-(11:08:16)/9.jpg,0.0
../DroneCapture/Takes/14-Feb-2020-(11:08:16)/14.jpg,0.0
../DroneCapture/Takes/14-Feb-2020-(11:08:16)/15.jpg,
../DroneCapture/Takes/14-Feb-2020-(11:08:16)/17.jpg,0.0
../DroneCapture/Takes/14-Feb-2020-(11:08:16)/16.jpg,0.0
../DroneCapture/Takes/14-Feb-2020-(11:08:16)/12.jpg,0.0
../DroneCapture/Takes/14-Feb-2020-(11:08:16)/13.jpg,0.0
../DroneCapture/Takes/14-Feb-2020-(11:08:16)/11.jpg,0.0
../DroneCapture/Takes/14-Feb-2020-(11:08:16)/10.jpg,0.0
../DroneCapture/Takes/14-Feb-2020-(11:08:16)/20.jpg,0.0
../DroneCapture/Takes/14-Feb-2020-(11:08:16)/18.jpg,0.0
../DroneCapture/Takes/14-Feb-2020-(11:08:16)/19.jpg,0.0
../DroneCapture/Takes/14-Feb-2020-(11:08:16)/4.jpg,0.0
../DroneCapture/Takes/14-Feb-2020-(11:08:16)/5.jpg,0.0
../DroneCapture/Takes/14-Feb-2020-(11:08:16)/7.jpg,0.0
../DroneCapture/Takes/14-Feb-2020-(11:08:16)/6.jpg,0.0
../DroneCapture/Takes/14-Feb-2020-(11:08:16)/2.jpg,0.0
../DroneCapture/Takes/14-Feb-2020-(11:08:16)/3.jpg,0.0
../DroneCapture/Takes/14-Feb-2020-(11:08:16)/1.jpg,0.0
../DroneCapture/Takes/14-Feb-2020-(11:08:16)/0.jpg,0.0
../DroneCapture/Takes/16-Feb-2020-(15:55:21)/63.jpg,0.0
../DroneCapture/Takes/16-Feb-2020-(15:55:21)/62.jpg,0.0
../DroneCapture/Takes/16-Feb-2020-(15:55:21)/60.jpg,0.0
../DroneCapture/Takes/16-Feb-2020-(15:55:21)/48.jpg,1.0
../DroneCapture/Takes/16-Feb-2020-(15:55:21)/49.jpg,1.0
../DroneCapture/Takes/16-Feb-2020-(15:55:21)/61.jpg,0.0
../DroneCapture/Takes/16-Feb-2020-(15:55:21)/59.jpg,1.0
../DroneCapture/Takes/16-Feb-2020-(15:55:21)/64.jpg,0.0
../DroneCapture/Takes/16-Feb-2020-(15:55:21)/58.jpg,1.0
../DroneCapture/Takes/16-Feb-2020-(15:55:21)/8.jpg,1.0
../DroneCapture/Takes/16-Feb-2020-(15:55:21)/9.jpg,1.0
../DroneCapture/Takes/16-Feb-2020-(15:55:21)/14.jpg,
../DroneCapture/Takes/16-Feb-2020-(15:55:21)/28.jpg,1.0
../DroneCapture/Takes/16-Feb-2020-(15:55:21)/29.jpg,1.0
../DroneCapture/Takes/16-Feb-2020-(15:55:21)/15.jpg,0.0
../DroneCapture/Takes/16-Feb-2020-(15:55:21)/17.jpg,0.0
../DroneCapture/Takes/16-Feb-2020-(15:55:21)/16.jpg,0.0
../DroneCapture/Takes/16-Feb-2020-(15:55:21)/12.jpg,0.0
../DroneCapture/Takes/16-Feb-2020-(15:55:21)/13.jpg,0.0
../DroneCapture/Takes/16-Feb-2020-(15:55:21)/39.jpg,0.0
../DroneCapture/Takes/16-Feb-2020-(15:55:21)/11.jpg,0.0
../DroneCapture/Takes/16-Feb-2020-(15:55:21)/10.jpg,1.0
../DroneCapture/Takes/16-Feb-2020-(15:55:21)/38.jpg,1.0
../DroneCapture/Takes/16-Feb-2020-(15:55:21)/21.jpg,1.0
../DroneCapture/Takes/16-Feb-2020-(15:55:21)/35.jpg,1.0
../DroneCapture/Takes/16-Feb-2020-(15:55:21)/34.jpg,1.0
../DroneCapture/Takes/16-Feb-2020-(15:55:21)/20.jpg,1.0
../DroneCapture/Takes/16-Feb-2020-(15:55:21)/36.jpg,1.0
../DroneCapture/Takes/16-Feb-2020-(15:55:21)/22.jpg,1.0
../DroneCapture/Takes/16-Feb-2020-(15:55:21)/23.jpg,1.0
../DroneCapture/Takes/16-Feb-2020-(15:55:21)/37.jpg,1.0
../DroneCapture/Takes/16-Feb-2020-(15:55:21)/33.jpg,
../DroneCapture/Takes/16-Feb-2020-(15:55:21)/27.jpg,1.0
../DroneCapture/Takes/16-Feb-2020-(15:55:21)/26.jpg,1.0
../DroneCapture/Takes/16-Feb-2020-(15:55:21)/32.jpg,1.0
../DroneCapture/Takes/16-Feb-2020-(15:55:21)/18.jpg,0.0
../DroneCapture/Takes/16-Feb-2020-(15:55:21)/24.jpg,1.0
../DroneCapture/Takes/16-Feb-2020-(15:55:21)/30.jpg,1.0
../DroneCapture/Takes/16-Feb-2020-(15:55:21)/31.jpg,1.0
../DroneCapture/Takes/16-Feb-2020-(15:55:21)/25.jpg,1.0
../DroneCapture/Takes/16-Feb-2020-(15:55:21)/19.jpg,0.0
../DroneCapture/Takes/16-Feb-2020-(15:55:21)/42.jpg,0.0
../DroneCapture/Takes/16-Feb-2020-(15:55:21)/4.jpg,1.0
../DroneCapture/Takes/16-Feb-2020-(15:55:21)/56.jpg,1.0
../DroneCapture/Takes/16-Feb-2020-(15:55:21)/5.jpg,1.0
../DroneCapture/Takes/16-Feb-2020-(15:55:21)/57.jpg,1.0
../DroneCapture/Takes/16-Feb-2020-(15:55:21)/43.jpg,1.0
../DroneCapture/Takes/16-Feb-2020-(15:55:21)/55.jpg,1.0
../DroneCapture/Takes/16-Feb-2020-(15:55:21)/7.jpg,1.0
../DroneCapture/Takes/16-Feb-2020-(15:55:21)/41.jpg,0.0
../DroneCapture/Takes/16-Feb-2020-(15:55:21)/40.jpg,0.0
../DroneCapture/Takes/16-Feb-2020-(15:55:21)/54.jpg,0.0
../DroneCapture/Takes/16-Feb-2020-(15:55:21)/6.jpg,1.0
../DroneCapture/Takes/16-Feb-2020-(15:55:21)/2.jpg,1.0
../DroneCapture/Takes/16-Feb-2020-(15:55:21)/50.jpg,1.0
../DroneCapture/Takes/16-Feb-2020-(15:55:21)/44.jpg,1.0
../DroneCapture/Takes/16-Feb-2020-(15:55:21)/45.jpg,1.0
../DroneCapture/Takes/16-Feb-2020-(15:55:21)/3.jpg,1.0
../DroneCapture/Takes/16-Feb-2020-(15:55:21)/51.jpg,1.0
../DroneCapture/Takes/16-Feb-2020-(15:55:21)/47.jpg,1.0
../DroneCapture/Takes/16-Feb-2020-(15:55:21)/53.jpg,1.0
../DroneCapture/Takes/16-Feb-2020-(15:55:21)/1.jpg,1.0
../DroneCapture/Takes/16-Feb-2020-(15:55:21)/52.jpg,1.0
../DroneCapture/Takes/16-Feb-2020-(15:55:21)/0.jpg,1.0
../DroneCapture/Takes/16-Feb-2020-(15:55:21)/46.jpg,1.0
../DroneCapture/Takes/16-Feb-2020-(15:34:09)/63.jpg,
../DroneCapture/Takes/16-Feb-2020-(15:34:09)/62.jpg,1.0
../DroneCapture/Takes/16-Feb-2020-(15:34:09)/60.jpg,1.0
../DroneCapture/Takes/16-Feb-2020-(15:34:09)/48.jpg,0.0
../DroneCapture/Takes/16-Feb-2020-(15:34:09)/49.jpg,0.0
../DroneCapture/Takes/16-Feb-2020-(15:34:09)/61.jpg,1.0
../DroneCapture/Takes/16-Feb-2020-(15:34:09)/59.jpg,1.0
../DroneCapture/Takes/16-Feb-2020-(15:34:09)/65.jpg,1.0
../DroneCapture/Takes/16-Feb-2020-(15:34:09)/64.jpg,1.0
../DroneCapture/Takes/16-Feb-2020-(15:34:09)/58.jpg,1.0
../DroneCapture/Takes/16-Feb-2020-(15:34:09)/8.jpg,1.0
../DroneCapture/Takes/16-Feb-2020-(15:34:09)/66.jpg,1.0
../DroneCapture/Takes/16-Feb-2020-(15:34:09)/9.jpg,1.0
../DroneCapture/Takes/16-Feb-2020-(15:34:09)/14.jpg,0.0
../DroneCapture/Takes/16-Feb-2020-(15:34:09)/28.jpg,0.0
../DroneCapture/Takes/16-Feb-2020-(15:34:09)/29.jpg,1.0
../DroneCapture/Takes/16-Feb-2020-(15:34:09)/15.jpg,0.0
../DroneCapture/Takes/16-Feb-2020-(15:34:09)/17.jpg,1.0
../DroneCapture/Takes/16-Feb-2020-(15:34:09)/16.jpg,0.0
../DroneCapture/Takes/16-Feb-2020-(15:34:09)/12.jpg,0.0
../DroneCapture/Takes/16-Feb-2020-(15:34:09)/13.jpg,0.0
../DroneCapture/Takes/16-Feb-2020-(15:34:09)/39.jpg,1.0
../DroneCapture/Takes/16-Feb-2020-(15:34:09)/11.jpg,0.0
../DroneCapture/Takes/16-Feb-2020-(15:34:09)/10.jpg,1.0
../DroneCapture/Takes/16-Feb-2020-(15:34:09)/38.jpg,1.0
../DroneCapture/Takes/16-Feb-2020-(15:34:09)/21.jpg,1.0
../DroneCapture/Takes/16-Feb-2020-(15:34:09)/35.jpg,1.0
../DroneCapture/Takes/16-Feb-2020-(15:34:09)/34.jpg,1.0
../DroneCapture/Takes/16-Feb-2020-(15:34:09)/20.jpg,1.0
../DroneCapture/Takes/16-Feb-2020-(15:34:09)/36.jpg,1.0
../DroneCapture/Takes/16-Feb-2020-(15:34:09)/22.jpg,1.0
../DroneCapture/Takes/16-Feb-2020-(15:34:09)/23.jpg,1.0
../DroneCapture/Takes/16-Feb-2020-(15:34:09)/37.jpg,1.0
../DroneCapture/Takes/16-Feb-2020-(15:34:09)/33.jpg,1.0
../DroneCapture/Takes/16-Feb-2020-(15:34:09)/27.jpg,0.0
../DroneCapture/Takes/16-Feb-2020-(15:34:09)/26.jpg,
../DroneCapture/Takes/16-Feb-2020-(15:34:09)/32.jpg,1.0
../DroneCapture/Takes/16-Feb-2020-(15:34:09)/18.jpg,1.0
../DroneCapture/Takes/16-Feb-2020-(15:34:09)/24.jpg,1.0
../DroneCapture/Takes/16-Feb-2020-(15:34:09)/30.jpg,1.0
../DroneCapture/Takes/16-Feb-2020-(15:34:09)/31.jpg,1.0
../DroneCapture/Takes/16-Feb-2020-(15:34:09)/25.jpg,
../DroneCapture/Takes/16-Feb-2020-(15:34:09)/19.jpg,1.0
../DroneCapture/Takes/16-Feb-2020-(15:34:09)/42.jpg,1.0
../DroneCapture/Takes/16-Feb-2020-(15:34:09)/4.jpg,1.0
../DroneCapture/Takes/16-Feb-2020-(15:34:09)/56.jpg,1.0
../DroneCapture/Takes/16-Feb-2020-(15:34:09)/5.jpg,1.0
../DroneCapture/Takes/16-Feb-2020-(15:34:09)/57.jpg,1.0
../DroneCapture/Takes/16-Feb-2020-(15:34:09)/43.jpg,1.0
../DroneCapture/Takes/16-Feb-2020-(15:34:09)/55.jpg,1.0
../DroneCapture/Takes/16-Feb-2020-(15:34:09)/7.jpg,1.0
../DroneCapture/Takes/16-Feb-2020-(15:34:09)/41.jpg,1.0
../DroneCapture/Takes/16-Feb-2020-(15:34:09)/40.jpg,1.0
../DroneCapture/Takes/16-Feb-2020-(15:34:09)/54.jpg,0.0
../DroneCapture/Takes/16-Feb-2020-(15:34:09)/6.jpg,1.0
../DroneCapture/Takes/16-Feb-2020-(15:34:09)/2.jpg,1.0
../DroneCapture/Takes/16-Feb-2020-(15:34:09)/50.jpg,0.0
../DroneCapture/Takes/16-Feb-2020-(15:34:09)/44.jpg,1.0
../DroneCapture/Takes/16-Feb-2020-(15:34:09)/45.jpg,1.0
../DroneCapture/Takes/16-Feb-2020-(15:34:09)/3.jpg,1.0
../DroneCapture/Takes/16-Feb-2020-(15:34:09)/51.jpg,0.0
../DroneCapture/Takes/16-Feb-2020-(15:34:09)/47.jpg,0.0
../DroneCapture/Takes/16-Feb-2020-(15:34:09)/53.jpg,0.0
../DroneCapture/Takes/16-Feb-2020-(15:34:09)/1.jpg,1.0
../DroneCapture/Takes/16-Feb-2020-(15:34:09)/52.jpg,0.0
../DroneCapture/Takes/16-Feb-2020-(15:34:09)/0.jpg,1.0
../DroneCapture/Takes/16-Feb-2020-(15:34:09)/46.jpg,1
